time,W1L1,W1L2,W1L3,W1L4,W2L1,W2L2,W2L3,W2L4,S1L1,S1L2,S1L3,S1L4,S2L1,S2L2,S2L3,S2L4,C1L1,C1L2,C1L3,C1L4,C2L1,C2L2,C2L3,C2L4,W2L4Q,GS1,ES1,PC1,GS2,ES2,PC2,GS3,ES3,PC3,GS4,ES4,PC4,SK1L2,SK2L4,T1L2,W1QIE,W1QII,W1QAQ,W1QT,W1WC,W2QIE,W2QII,W2QAQ,W2QT,W2WC
0.000000000000,0.000000000,0.000000000,0.000000000,0.000000000,0.000000000,0.000000000,0.000000000,0.000000000,0.000000000,0.000000000,0.000000000,0.000000000,0.000000000,0.000000000,0.000000000,0.000000000,0.000000000,0.000000000,0.000000000,0.000000000,0.000000000,0.000000000,0.000000000,0.000000000,0.000000000,202.0051073,115.7805993,0.3000000000E+31,509.5051073,273.2806252,0.3000000000E+31,606.5051073,320.2821715,0.3000000000E+31,1018.505107,532.2837209,0.3000000000E+31,0.3000000000E+31,0.3000000000E+31,0.4500000000,0.000000000,0.000000000,0.000000000,0.000000000,0.000000000,0.000000000,0.000000000,0.000000000,0.000000000,0.000000000
365.2500000000,0.9076204089E-02,0.6225606010E-02,0.1566706293E-02,0.1915987213E-03,0.2973461226E-02,0.1865900777E-02,0.4808975301E-02,0.1018053281,-0.6131301929E-02,0.4398350220E-02,0.000000000,0.1447634783E-03,-0.1915147320E-02,0.1318246783E-02,0.000000000,0.8257073111E-02,0.2944902161E-02,0.1062395623E-01,0.1566706293E-02,0.3363621995E-03,0.1058313906E-02,0.3184147560E-02,0.4808975301E-02,0.1100624012,1205.337727,199.0753884,122.9533594,130.7805993,506.5753884,280.8038494,288.2806252,603.5753884,324.2271395,335.2821715,1015.575388,532.6639885,547.2837209,0.1412154682E-02,0.8358719345E-03,0.4499510802,68.17912126,0.000000000,48.16810645,116.3472277,29.94567030,78.21430520,1036.696886,90.42653647,1205.337727,90.87282460
730.5000000000,0.1280021956E-01,0.9224592702E-02,0.2385571829E-02,0.4197533170E-03,0.4773414987E-02,0.3015469786E-02,0.5248781949E-02,0.1123472996,-0.9651464724E-02,0.6517114844E-02,0.000000000,0.3171469508E-03,-0.3204385788E-02,0.2130409823E-02,0.000000000,0.8575674918E-02,0.3148754834E-02,0.1574170755E-01,0.2385571829E-02,0.7369002678E-03,0.1569029199E-02,0.5145879609E-02,0.5248781949E-02,0.1209229745,118.9385169,197.5326681,126.7303642,130.7805993,505.0326681,284.4941113,288.2806252,602.0326681,326.3032786,335.2821715,1014.032668,533.1172900,547.2837209,0.1386826031E-02,0.8342323555E-03,0.4499275115,32.84311231,0.000000000,23.20344558,56.04655789,14.98609872,0.000000000,115.4493801,3.489136823,118.9385169,5.574088412
1095.750000000,0.1468279765E-01,0.1097814767E-01,0.2914380419E-02,0.6756535477E-03,0.5969148356E-02,0.3821172788E-02,0.5522015934E-02,0.1178315571,-0.1179967665E-01,0.7755990041E-02,0.000000000,0.5104937917E-03,-0.4124311022E-02,0.2699633762E-02,0.000000000,0.8741421366E-02,0.2883120994E-02,0.1873413771E-01,0.2914380419E-02,0.1186147339E-02,0.1844837334E-02,0.6520806549E-02,0.5522015934E-02,0.1265729785,61.87547084,196.6251558,128.9522049,130.7805993,504.1251558,286.6747353,288.2806252,601.1251558,327.6499746,335.2821715,1013.125156,533.6263229,547.2837209,0.1372281605E-02,0.8333810692E-03,0.4499137296,19.20388738,0.000000000,13.56742173,32.77130911,8.842315579,0.000000000,60.06031466,1.815156177,61.87547084,3.295193230
1461.000000000,0.1579897736E-01,0.1212406677E-01,0.3292850882E-02,0.9251863475E-03,0.6844270929E-02,0.4435853718E-02,0.5742535840E-02,0.1227637744,-0.1323415725E-01,0.8565574442E-02,0.000000000,0.6990296850E-03,-0.4833557409E-02,0.3133901847E-02,0.000000000,0.8890483934E-02,0.2564820110E-02,0.2068964121E-01,0.3292850882E-02,0.1624216033E-02,0.2010713520E-02,0.7569755565E-02,0.5742535840E-02,0.1316542583,55.64714444,196.0304048,130.4083194,130.7805993,503.5304048,288.1095705,288.2806252,600.5304048,328.6168744,335.2821715,1012.530405,534.1232667,547.2837209,0.1362876742E-02,0.8326162538E-03,0.4499047230,12.54942201,0.000000000,8.866085159,21.41550717,5.810781670,0.000000000,54.01470017,1.632444272,55.64714444,2.758717268
1826.250000000,0.2750804739E-01,0.2884669571E-01,0.3579960913E-02,0.1157670453E-02,0.7529965958E-02,0.4933561278E-02,0.1023086347E-01,0.1272663211,-0.1424859920E-01,0.9130363087E-02,0.000000000,0.8746843422E-03,-0.5412469461E-02,0.3485529007E-02,0.000000000,0.9026560902E-02,0.1325944819E-01,0.3797705880E-01,0.3579960913E-02,0.2032354795E-02,0.2117496498E-02,0.8419090285E-02,0.1023086347E-01,0.1362928820,50.79943822,195.6144802,131.4266175,130.7805993,503.1144802,289.1153603,288.2806252,600.1144802,329.3521382,335.2821715,1012.114480,534.5867593,547.2837209,0.1356360614E-02,0.8319187062E-03,0.4497732539,1.488933904,181.6473174,6.185228143,189.3214794,4.161023264,0.000000000,49.30920449,1.490233736,50.79943822,2.400923196
2191.500000000,0.4115854356E-01,0.4446280207E-01,0.3816990839E-02,0.1371572789E-02,0.8100025874E-02,0.5359099626E-02,0.1440992198E-01,0.1315533195,-0.1504692113E-01,0.9571670197E-02,0.000000000,0.1036299441E-02,-0.5910415017E-02,0.3786169086E-02,0.000000000,0.9156123519E-02,0.2611162244E-01,0.5403447227E-01,0.3816990839E-02,0.2407872230E-02,0.2189610857E-02,0.9145268712E-02,0.1440992198E-01,0.1407094431,48.36754010,195.2894458,132.2223914,131.4266175,502.7894458,289.9041981,289.1153603,599.7894458,329.9603583,335.2821715,1011.789446,535.0136310,547.2837209,0.1351293471E-02,0.8312551083E-03,0.4496504274,0.000000000,171.0182763,4.832932068,175.8512084,3.272524537,0.000000000,46.94864764,1.418892462,48.36754010,2.196272197
2556.750000000,0.5221892992E-01,0.5743619753E-01,0.4021546468E-02,0.1568674628E-02,0.8591146835E-02,0.5734643635E-02,0.1820032883E-01,0.1355797256,-0.1571452065E-01,0.9938294982E-02,0.000000000,0.1185220830E-02,-0.6352307362E-02,0.4051488490E-02,0.000000000,0.9277810457E-02,0.3650440927E-01,0.6737449251E-01,0.4021546468E-02,0.2753895459E-02,0.2238839472E-02,0.9786132125E-02,0.1820032883E-01,0.1448575360,45.42743844,195.0190035,132.8845088,132.2223914,502.5190035,290.5615813,289.9041981,599.5190035,330.4861497,335.2821715,1011.519003,535.4073360,547.2837209,0.1347099567E-02,0.8306323456E-03,0.4495483450,0.000000000,142.0768839,4.015055835,146.0919397,2.724359446,0.000000000,44.09479572,1.332642715,45.42743844,2.018888745
2922.000000000,0.6151275884E-01,0.6857084151E-01,0.4202429315E-02,0.1751355847E-02,0.9024830954E-02,0.6073477208E-02,0.2168326342E-01,0.1393713480,-0.1629076722E-01,0.1025295713E-01,0.000000000,0.1323246640E-02,-0.6753007045E-02,0.4290872209E-02,0.000000000,0.9392401712E-02,0.4522199162E-01,0.7882379864E-01,0.4202429315E-02,0.3074602487E-02,0.2271823908E-02,0.1036434942E-01,0.2168326342E-01,0.1487637497,42.77852053,194.7864955,133.4537523,132.8845088,502.2864955,291.1272989,290.5615813,599.2864955,330.9517976,335.2821715,1011.286496,535.7725465,547.2837209,0.1343511246E-02,0.8300463360E-03,0.4494607008,0.000000000,121.9399752,3.445992025,125.3859672,2.342672997,0.000000000,41.52358550,1.254935028,42.77852053,1.874722950
3287.250000000,0.6954158604E-01,0.7837060474E-01,0.4365394044E-02,0.1921711193E-02,0.9414589407E-02,0.6384025047E-02,0.2491905899E-01,0.1429564734,-0.1680042099E-01,0.1052989589E-01,0.000000000,0.1451959568E-02,-0.7121943787E-02,0.4510272241E-02,0.000000000,0.9500752170E-02,0.5274116505E-01,0.8890050063E-01,0.4365394044E-02,0.3373670761E-02,0.2292645619E-02,0.1089429729E-01,0.2491905899E-01,0.1524572256,40.44874380,194.5815289,133.9555671,133.4537523,502.0815289,291.6263652,291.1272989,599.0815289,331.3718921,335.2821715,1011.081529,536.1133857,547.2837209,0.1340361525E-02,0.8294926323E-03,0.4493835408,0.000000000,107.3211579,3.032868046,110.3540259,2.065353288,0.000000000,39.26215425,1.186589551,40.44874380,1.755438688
3652.500000000,0.7662618341E-01,0.8716327181E-01,0.4514345759E-02,0.2081509060E-02,0.9769406823E-02,0.6671913136E-02,0.2795035990E-01,0.1463595310,-0.1725968765E-01,0.1077837438E-01,0.000000000,0.1572695734E-02,-0.7465412014E-02,0.4713663306E-02,0.000000000,0.9603600133E-02,0.5936649576E-01,0.9794164619E-01,0.4514345759E-02,0.3654204794E-02,0.2303994809E-02,0.1138557644E-01,0.2795035990E-01,0.1559631311,38.39458495,194.3973389,134.4065152,133.9555671,501.8973389,292.0750876,291.6263652,598.8973389,331.7563429,335.2821715,1010.897339,536.4333398,547.2837209,0.1337542117E-02,0.8289673986E-03,0.4493142919,0.000000000,96.29204181,2.721188090,99.01322990,1.856011029,0.000000000,37.26825545,1.126329498,38.39458495,1.654535790
4017.750000000,0.8298116561E-01,0.9517105464E-01,0.4652040339E-02,0.2232222778E-02,0.1009557253E-01,0.6941088362E-02,0.3080852216E-01,0.1496013331,-0.1767959924E-01,0.1100467224E-01,0.000000000,0.1686568321E-02,-0.7787822852E-02,0.4903833856E-02,0.000000000,0.9701574595E-02,0.6530156637E-01,0.1061757269,0.4652040339E-02,0.3918791099E-02,0.2307749683E-02,0.1184492222E-01,0.3080852216E-01,0.1593029077,36.57523926,194.2293388,134.8178256,134.4065152,501.7293388,292.4845389,292.0750876,598.7293388,332.1121488,335.2821715,1010.729339,536.7353169,547.2837209,0.1334979788E-02,0.8284673701E-03,0.4492512094,0.000000000,87.69645810,2.478279127,90.17473723,1.692790681,0.000000000,35.50228142,1.072957838,36.57523926,1.567699286
4383.000000000,0.8875610000E-01,0.1025504814,0.4780492425E-02,0.2375076488E-02,0.1039769454E-01,0.7194448813E-02,0.3351755781E-01,0.1526997013,-0.1806795061E-01,0.1121321293E-01,0.000000000,0.1794502236E-02,-0.8092412180E-02,0.5082831369E-02,0.000000000,0.9795214167E-02,0.7068814939E-01,0.1137636943,0.4780492425E-02,0.4169578724E-02,0.2305282358E-02,0.1227728018E-01,0.3351755781E-01,0.1624949154,34.95696372,194.0742983,135.1974076,134.8178256,501.5742983,292.8625286,292.4845389,598.5742983,332.4444293,335.2821715,1010.574298,537.0217357,547.2837209,0.1332623043E-02,0.8279897538E-03,0.4491930641,0.000000000,80.81507740,2.283813096,83.09889050,1.562079193,0.000000000,33.93147902,1.025484699,34.95696372,1.492002382
4748.250000000,0.9405905175E-01,0.1094156908,0.4901220996E-02,0.2511089884E-02,0.1067928345E-01,0.7434210158E-02,0.3609650383E-01,0.1556700050,-0.1843043965E-01,0.1140722196E-01,0.000000000,0.1897267912E-02,-0.8381653142E-02,0.5252221203E-02,0.000000000,0.9884983346E-02,0.7562861211E-01,0.1208229128,0.4901220996E-02,0.4408357796E-02,0.2297630309E-02,0.1268643136E-01,0.3609650383E-01,0.1655549883,33.51209196,193.9298619,135.5510279,135.1974076,501.4298619,293.2147575,292.8625286,598.4298619,332.7570465,335.2821715,1010.429862,537.2946124,547.2837209,0.1330434393E-02,0.8275321426E-03,0.4491389594,0.000000000,75.18367614,2.124671159,77.30834730,1.455085199,0.000000000,32.52899349,0.9830984698,33.51209196,1.425380945
5113.500000000,0.9897058579E-01,0.1158524853,0.5015402146E-02,0.2641116696E-02,0.1094310179E-01,0.7662125418E-02,0.3856088485E-01,0.1585255907,-0.1877135888E-01,0.1158912410E-01,0.000000000,0.1995510393E-02,-0.8657503588E-02,0.5413241854E-02,0.000000000,0.9971285494E-02,0.8019922691E-01,0.1274416094,0.5015402146E-02,0.4636627089E-02,0.2285598200E-02,0.1307536727E-01,0.3856088485E-01,0.1684968762,32.21780067,193.7942588,135.8830215,135.5510279,501.2942588,293.5455153,293.2147575,598.2942588,333.0529927,335.2821715,1010.294259,537.5556364,547.2837209,0.1328385693E-02,0.8270924483E-03,0.4490882214,0.000000000,70.49193152,1.992083669,72.48401519,1.365929380,0.000000000,31.27267105,0.9451296141,32.21780067,1.366321879
5478.750000000,0.1035523999,0.1219270878,0.5123967249E-02,0.2765876161E-02,0.1119138079E-01,0.7879621028E-02,0.4092364629E-01,0.1612781191,-0.1909402810E-01,0.1176079079E-01,0.000000000,0.2089773099E-02,-0.8921558963E-02,0.5566901090E-02,0.000000000,0.1005447302E-01,0.8445837177E-01,0.1336878786,0.5123967249E-02,0.4855649260E-02,0.2269821825E-02,0.1344652212E-01,0.4092364629E-01,0.1713325921,31.05506731,193.6661225,136.1967345,135.8830215,501.1661225,293.8581159,293.5455153,598.1661225,333.3346386,335.2821715,1010.166123,537.8062319,547.2837209,0.1326455249E-02,0.8266688477E-03,0.4490403299,0.000000000,66.52542035,1.879991094,68.40541145,1.290548220,0.000000000,30.14404721,0.9110200935,31.05506731,1.313675574
5844.000000000,0.1078528335,0.1276917736,0.5227668056E-02,0.2885978180E-02,0.1142596017E-01,0.8087883903E-02,0.4319577132E-01,0.1639378315,-0.1940107312E-01,0.1192369931E-01,0.000000000,0.2180516847E-02,-0.9175149776E-02,0.5714037459E-02,0.000000000,0.1013485544E-01,0.8845176040E-01,0.1396154729,0.5227668056E-02,0.5066495027E-02,0.2250810390E-02,0.1380192136E-01,0.4319577132E-01,0.1740726870,30.00788396,193.5443739,136.4948087,136.1967345,501.0443739,294.1551779,293.8581159,598.0443739,333.6038991,335.2821715,1010.044374,538.0476071,547.2837209,0.1324625955E-02,0.8262597406E-03,0.4489948740,0.000000000,63.13139869,1.784076924,64.91547562,1.226046475,0.000000000,29.12758366,0.8803003060,30.00788396,1.266541166
6209.250000000,0.1119104985,0.1331886046,0.5327121123E-02,0.3001943280E-02,0.1164838156E-01,0.8287919036E-02,0.4538670295E-01,0.1665137638,-0.1969461096E-01,0.1207903833E-01,0.000000000,0.2268134922E-02,-0.9419405767E-02,0.5855360981E-02,0.000000000,0.1021270583E-01,0.9221588757E-01,0.1452676429,0.5327121123E-02,0.5270078202E-02,0.2228975792E-02,0.1414328002E-01,0.4538670295E-01,0.1767264696,29.06264365,193.4281444,136.7793706,136.4948087,500.9281444,294.4388099,294.1551779,597.9281444,333.8623455,335.2821715,1009.928144,538.2807939,547.2837209,0.1322884064E-02,0.8258637163E-03,0.4489515232,0.000000000,60.19801183,1.701180174,61.89919200,1.170303544,0.000000000,28.21007257,0.8525710821,29.06264365,1.224193623
6574.500000000,0.1157567444,0.1384519759,0.5422838997E-02,0.3114218416E-02,0.1185995327E-01,0.8480588934E-02,0.4750464304E-01,0.1690139171,-0.1997637624E-01,0.1222777983E-01,0.000000000,0.2352965025E-02,-0.9655299588E-02,0.5991481013E-02,0.000000000,0.1028826602E-01,0.9578036816E-01,0.1506797557,0.5422838997E-02,0.5467183440E-02,0.2204653683E-02,0.1447206995E-01,0.4750464304E-01,0.1793021831,28.20767637,193.3167235,137.0521597,136.7793706,500.8167235,294.7107379,294.4388099,597.8167235,334.1112849,335.2821715,1009.816724,538.5066788,547.2837209,0.1321218348E-02,0.8254795265E-03,0.4489100072,0.000000000,57.64130151,1.628928205,59.27022971,1.121727336,0.000000000,27.38018630,0.8274900747,28.20767637,1.186036390
6939.750000000,0.1194173792,0.1435104014,0.5515252645E-02,0.3223189553E-02,0.1206179669E-01,0.8666641542E-02,0.4955677115E-01,0.1714453986,-0.2024780983E-01,0.1237072962E-01,0.000000000,0.2435298773E-02,-0.9883677562E-02,0.6122925973E-02,0.000000000,0.1036175080E-01,0.9916956941E-01,0.1558811310,0.5515252645E-02,0.5658488326E-02,0.2178119132E-02,0.1478956751E-01,0.4955677115E-01,0.1818071494,27.43289600,193.2095219,137.3146187,137.0521597,500.7095219,294.9723943,294.7107379,597.7095219,334.3518168,335.2821715,1009.709522,538.7260276,547.2837209,0.1319619507E-02,0.8251060631E-03,0.4488701018,0.000000000,55.39685703,1.565500787,56.96235782,1.079096097,0.000000000,26.62813460,0.8047614012,27.43289600,1.151569771
7305.000000000,0.1229139017,0.1483877953,0.5604727974E-02,0.3329191734E-02,0.1225488061E-01,0.8846730669E-02,0.5154941013E-01,0.1738145382,-0.2051012258E-01,0.1250856351E-01,0.000000000,0.2515389309E-02,-0.1010528206E-01,0.6250157772E-02,0.000000000,0.1043335146E-01,0.1024037791,0.1608963589,0.5604727974E-02,0.5844581043E-02,0.2149598553E-02,0.1509688844E-01,0.5154941013E-01,0.1842478897,26.72953072,193.1060451,137.5679586,137.3146187,500.6060451,295.2249812,294.9723943,597.6060451,334.5848756,335.2821715,1009.606045,538.9395054,547.2837209,0.1318079752E-02,0.8247423398E-03,0.4488316191,0.000000000,53.41430732,1.509474447,54.92378177,1.041454053,0.000000000,25.94540299,0.7841277347,26.72953072,1.120369261
7670.250000000,0.1262644026,0.1531044143,0.5691578247E-02,0.3432517192E-02,0.1244004729E-01,0.9021431397E-02,0.5348815454E-01,0.1761269856,-0.2076434211E-01,0.1264185394E-01,0.000000000,0.2593457433E-02,-0.1032076832E-01,0.6373582702E-02,0.000000000,0.1050323876E-01,0.1055000605,0.1657462682,0.5691578247E-02,0.6025974624E-02,0.2119278975E-02,0.1539501410E-01,0.5348815454E-01,0.1866302244,26.08990771,193.0058739,137.8132053,137.5679586,500.5058739,295.4695179,295.2249812,597.5058739,334.8112615,335.2821715,1009.505874,539.1476927,547.2837209,0.1316592489E-02,0.8243874766E-03,0.4487943998,0.000000000,51.65359560,1.459717191,53.11331279,1.008040837,0.000000000,25.32454372,0.7653639880,26.08990771,1.092070057
8035.500000000,0.1294842395,0.1576775633,0.5776073588E-02,0.3533421936E-02,0.1261803280E-01,0.9191252025E-02,0.5537797299E-01,0.1783877929,-0.2101134797E-01,0.1277108994E-01,0.000000000,0.2669696573E-02,-0.1053071743E-01,0.6493559872E-02,0.000000000,0.1057156538E-01,0.1084728915,0.1704486533,0.5776073588E-02,0.6203118510E-02,0.2087315365E-02,0.1568481190E-01,0.5537797299E-01,0.1889593583,25.50728440,192.9086500,138.0512362,137.8132053,500.4086500,295.7068759,295.4695179,597.4086500,335.0316648,335.2821715,1009.408650,539.3510980,547.2837209,0.1315152093E-02,0.8240406873E-03,0.4487583079,0.000000000,50.08239874,1.415315577,51.49771432,0.9782426038,0.000000000,24.75901203,0.7482723636,25.50728440,1.066355843
8400.750000000,0.1325865488,0.1621221353,0.5858448382E-02,0.3632131144E-02,0.1278948311E-01,0.9356643554E-02,0.5722329132E-01,0.1806014850,-0.2125189848E-01,0.1289669239E-01,0.000000000,0.2744276864E-02,-0.1073564665E-01,0.6610407913E-02,0.000000000,0.1063846807E-01,0.1113346504,0.1750188277,0.5858448382E-02,0.6376408008E-02,0.2053836460E-02,0.1596705147E-01,0.5722329132E-01,0.1912399530,24.97571273,192.8140649,138.2828067,138.0512362,500.3140649,295.9378061,295.7068759,597.3140649,335.2466851,335.2821715,1009.314065,539.5501689,547.2837209,0.1313753726E-02,0.8237012679E-03,0.4487232262,0.000000000,48.67429987,1.375523068,50.04982294,0.9515574210,0.000000000,24.24303436,0.7326783716,24.97571273,1.042950381
8766.000000000,0.1355684330,0.1664293032,0.7474720580E-02,0.3727490747E-02,0.1295496369E-01,0.9518003770E-02,0.5902793204E-01,0.1827718373,-0.2148552912E-01,0.1301841184E-01,0.000000000,0.2816326341E-02,-0.1093601343E-01,0.6724407858E-02,0.000000000,0.1070406094E-01,0.1140829038,0.1794477151,0.7474720580E-02,0.6543817089E-02,0.2018950256E-02,0.1624241163E-01,0.5902793204E-01,0.1934758982,24.48673690,192.7222926,138.5074904,138.2828067,500.2222926,296.1618278,295.9378061,597.2222926,335.4496180,335.2821715,1009.222293,539.7425699,547.2837209,0.1312400030E-02,0.8233686308E-03,0.4486892247,0.000000000,47.16953196,1.332998721,48.50253068,0.9229725640,0.000000000,23.76840295,0.7183339557,24.48673690,1.021511655
9131.250000000,0.1384570419,0.1706373135,0.9424296041E-02,0.3822036178E-02,0.1311497780E-01,0.9675691394E-02,0.6079555200E-01,0.1849028108,-0.2171416422E-01,0.1313732911E-01,0.000000000,0.2887760667E-02,-0.1113223149E-01,0.6835813141E-02,0.000000000,0.1076846370E-01,0.1167428776,0.1837746426,0.9424296041E-02,0.6709796844E-02,0.1982746305E-02,0.1651150453E-01,0.6079555200E-01,0.1956712745,24.04245050,192.6325683,138.7271603,138.5074904,500.1325683,296.3809128,296.1618278,597.1325683,335.6534402,335.4496180,1009.132568,539.9334121,547.2837209,0.1311078862E-02,0.8230421609E-03,0.4486560020,0.000000000,46.08361645,1.302311031,47.38592748,0.9024020612,0.000000000,23.33714997,0.7053005324,24.04245050,1.002029558
9496.500000000,0.1412624421,0.1747575560,0.1135085784E-01,0.3915226376E-02,0.1326997137E-01,0.9830027101E-02,0.6252931803E-01,0.1869976603,-0.2193843836E-01,0.1325376610E-01,0.000000000,0.2958171038E-02,-0.1132467184E-01,0.6944850316E-02,0.000000000,0.1083177471E-01,0.1193240037,0.1880113221,0.1135085784E-01,0.6873397414E-02,0.1945299535E-02,0.1677487742E-01,0.6252931803E-01,0.1978294350,23.63488571,192.5446366,138.9424414,138.7271603,500.0446366,296.5956399,296.3809128,597.0446366,335.8549864,335.6534402,1009.044637,540.1216003,547.2837209,0.1309786551E-02,0.8227213526E-03,0.4486234684,0.000000000,45.12243705,1.275148351,46.39758540,0.8842784386,0.000000000,22.94154135,0.6933443607,23.63488571,0.9842039691
9861.750000000,0.1439899900,0.1787954481,0.1324286325E-01,0.4006906479E-02,0.1342034025E-01,0.9981297936E-02,0.6423206442E-01,0.1890593057,-0.2215863425E-01,0.1336787588E-01,0.000000000,0.3027440449E-02,-0.1151366738E-01,0.7051722178E-02,0.000000000,0.1089408221E-01,0.1218313558,0.1921633240,0.1324286325E-01,0.7034346928E-02,0.1906672867E-02,0.1703302011E-01,0.6423206442E-01,0.1999533879,23.26026517,192.4583812,139.1536185,138.9424414,499.9583812,296.8062788,296.5956399,596.9583812,336.0530430,335.8549864,1008.958381,540.3068180,547.2837209,0.1308521318E-02,0.8224057522E-03,0.4485915812,0.000000000,44.22058441,1.249662229,45.47024664,0.8672908915,0.000000000,22.57791054,0.6823546298,23.26026517,0.9678640037
10227.00000000,0.1466451071,0.1827570271,0.1510244132E-01,0.4097189522E-02,0.1356643682E-01,0.1012976150E-01,0.6590634888E-01,0.1910904040,-0.2237505609E-01,0.1347982907E-01,0.000000000,0.3095654304E-02,-0.1169951758E-01,0.7156610724E-02,0.000000000,0.1095546652E-01,0.1242700511,0.1962368561,0.1510244132E-01,0.7192843826E-02,0.1866919242E-02,0.1728637223E-01,0.6590634888E-01,0.2020458705,22.91562040,192.3736779,139.3609954,139.1536185,499.8736779,297.0131328,296.8062788,596.8736779,336.2478265,336.0530430,1008.873678,540.4892899,547.2837209,0.1307281197E-02,0.8220949473E-03,0.4485602931,0.000000000,43.38484847,1.226044549,44.61089301,0.8515603196,0.000000000,22.24337615,0.6722442569,22.91562040,0.9528697876
10592.25000000,0.1492329969,0.1866482371,0.1693212419E-01,0.4186186744E-02,0.1370857544E-01,0.1027564928E-01,0.6755447429E-01,0.1930933528,-0.2258800618E-01,0.1358979365E-01,0.000000000,0.3162896650E-02,-0.1188249209E-01,0.7259679489E-02,0.000000000,0.1101600008E-01,0.1266449907,0.2002380307,0.1693212419E-01,0.7349083393E-02,0.1826083354E-02,0.1753532877E-01,0.6755447429E-01,0.2041093529,22.59802718,192.2904041,139.5648727,139.3609954,499.7904041,297.2165018,297.0131328,596.7904041,336.4395960,336.2478265,1008.790404,540.6692375,547.2837209,0.1306064257E-02,0.8217885658E-03,0.4485295573,0.000000000,42.61420929,1.204266486,43.81847577,0.8370717423,0.000000000,21.93509972,0.6629274582,22.59802718,0.9390886967
10957.50000000,0.1517584691,0.1904746448,0.1873425946E-01,0.4273997854E-02,0.1384703701E-01,0.1041916945E-01,0.6917851452E-01,0.1950703145,-0.2279776929E-01,0.1369792694E-01,0.000000000,0.3229242822E-02,-0.1206283391E-01,0.7361075562E-02,0.000000000,0.1107574826E-01,0.1289606998,0.2041725717,0.1873425946E-01,0.7503240675E-02,0.1784203096E-02,0.1778024501E-01,0.6917851452E-01,0.2061460628,22.30483127,192.2084443,139.7655330,139.5648727,499.7084443,297.4166672,297.2165018,596.7084443,336.6285923,336.4395960,1008.708444,540.8468594,547.2837209,0.1304868698E-02,0.8214862721E-03,0.4484993301,0.000000000,41.90453347,1.184211232,43.08874470,0.8237487499,0.000000000,21.65050490,0.6543263704,22.30483127,0.9264010583
11322.75000000,0.1542258968,0.1942413535,0.2051098270E-01,0.4360712355E-02,0.1398207293E-01,0.1056050944E-01,0.7078033846E-01,0.1970232406,-0.2300460734E-01,0.1380437315E-01,0.000000000,0.3294760445E-02,-0.1224076218E-01,0.7460931345E-02,0.000000000,0.1113477002E-01,0.1312212895,0.2080457266,0.2051098270E-01,0.7655472800E-02,0.1741310750E-02,0.1802144078E-01,0.7078033846E-01,0.2081580106,22.03365169,192.1276925,139.9632356,139.7655330,499.6276925,297.6138874,297.4166672,596.6276925,336.8150346,336.6285923,1008.627693,541.0223340,547.2837209,0.1303692869E-02,0.8211877634E-03,0.4484695712,0.000000000,41.25074549,1.165735353,42.41648084,0.8114956570,0.000000000,21.38728055,0.6463711454,22.03365169,0.9146996262
11688.00000000,0.1566392290,0.1979529980,0.2226422758E-01,0.4446410866E-02,0.1411390855E-01,0.1069983807E-01,0.7236163160E-01,0.1989538932,-0.2320875878E-01,0.1390926326E-01,0.000000000,0.3359510431E-02,-0.1241647457E-01,0.7559366120E-02,0.000000000,0.1119311863E-01,0.1334304703,0.2118622613,0.2226422758E-01,0.7805921298E-02,0.1697433986E-02,0.1825920419E-01,0.7236163160E-01,0.2101470118,21.78235400,192.0480524,140.1582165,139.9632356,499.5480524,297.8083972,297.6138874,596.5480524,336.9991212,336.8150346,1008.548052,541.1958217,547.2837209,0.1302535274E-02,0.8208927666E-03,0.4484402442,0.000000000,40.64771609,1.148693899,41.79640999,0.8002151001,0.000000000,21.14335483,0.6389991683,21.78235400,0.9038882951
12053.25000000,0.1590020040,0.2016137411,0.2399569375E-01,0.4531161755E-02,0.1424272845E-01,0.1083728779E-01,0.7392304069E-01,0.2008618824,-0.2341043803E-01,0.1401271491E-01,0.000000000,0.3423544436E-02,-0.1259012545E-01,0.7656473453E-02,0.000000000,0.1125078231E-01,0.1355915660,0.2156264560,0.2399569375E-01,0.7954706192E-02,0.1652602997E-02,0.1849376125E-01,0.7392304069E-01,0.2121126648,21.52665798,191.9694373,140.3506879,140.1582165,499.4694373,298.0004077,297.8083972,596.4694373,337.1810265,336.9991212,1008.469437,541.3674587,547.2837209,0.1301394567E-02,0.8206013374E-03,0.4484113163,0.000000000,40.09027273,1.132940694,41.22321342,0.7898083993,0.000000000,20.89515982,0.6314981634,21.52665798,0.8931927077
12418.50000000,0.1613170692,0.2052267925,0.2570608041E-01,0.4614951461E-02,0.1436839030E-01,0.1097263188E-01,0.7545039187E-01,0.2027136508,-0.2360980960E-01,0.1411481881E-01,0.000000000,0.3486852214E-02,-0.1276143068E-01,0.7752093170E-02,0.000000000,0.1130674686E-01,0.1377072596,0.2193416113,0.2570608041E-01,0.8101803674E-02,0.1606959624E-02,0.1872472505E-01,0.7545039187E-01,0.2140203977,20.89235205,191.8917804,140.5408134,140.3506879,499.3917804,298.1900806,298.0004077,596.3917804,337.3608203,337.1810265,1008.391780,541.5372153,547.2837209,0.1300269707E-02,0.8203185958E-03,0.4483827623,0.000000000,39.56798293,1.118180920,40.68616385,0.7800736037,0.000000000,20.27946165,0.6128903966,20.89235205,0.8710407863
12783.75000000,0.1635875322,0.2087959430,0.2739813025E-01,0.4697974072E-02,0.1449143007E-01,0.1110641750E-01,0.7697373046E-01,0.2045804323,-0.2380706868E-01,0.1421568207E-01,0.000000000,0.3549580409E-02,-0.1293103601E-01,0.7846611848E-02,0.000000000,0.1136316515E-01,0.1397804635,0.2230116251,0.2739813025E-01,0.8247554481E-02,0.1560394060E-02,0.1895302935E-01,0.7697373046E-01,0.2159435975,21.06173668,191.8150032,140.7287852,140.5408134,499.3150032,298.3776090,298.1900806,596.3150032,337.5387874,337.3608203,1008.315003,541.7054828,547.2837209,0.1299159476E-02,0.8200336601E-03,0.4483545524,0.000000000,39.08720620,1.104594295,40.19180050,0.7711354427,0.000000000,20.44387728,0.6178594023,21.06173668,0.8732872076
13149.00000000,0.1658160558,0.2123243636,0.2907276747E-01,0.4780237476E-02,0.1461203031E-01,0.1123878360E-01,0.7848397428E-01,0.2064341329,-0.2400237988E-01,0.1431539432E-01,0.000000000,0.3611734981E-02,-0.1309912315E-01,0.7940127634E-02,0.000000000,0.1141918810E-01,0.1418136759,0.2266397580,0.2907276747E-01,0.8391972457E-02,0.1512907157E-02,0.1917891123E-01,0.7848397428E-01,0.2178533210,20.91415174,191.7390394,140.9147657,140.7287852,499.2390394,298.5631540,298.3776090,596.2390394,337.7150219,337.5387874,1008.239039,541.8722754,547.2837209,0.1298062851E-02,0.8197508194E-03,0.4483266616,0.000000000,38.64115664,1.091989050,39.73314569,0.7628648038,0.000000000,20.30062183,0.6135299042,20.91415174,0.8665904788
13514.25000000,0.1680050287,0.2158149047,0.3073112939E-01,0.4861786975E-02,0.1473031333E-01,0.1136981919E-01,0.7998054902E-01,0.2082726980,-0.2419589077E-01,0.1441403611E-01,0.000000000,0.3673350158E-02,-0.1326579824E-01,0.8032703429E-02,0.000000000,0.1147475362E-01,0.1438091379,0.2302289408,0.3073112939E-01,0.8535137133E-02,0.1464515087E-02,0.1940252262E-01,0.7998054902E-01,0.2197474516,20.74338804,191.6638293,141.0989006,140.9147657,499.1638293,298.7468605,298.5631540,596.1638293,337.8896406,337.7150219,1008.163829,542.0376832,547.2837209,0.1296978915E-02,0.8194703847E-03,0.4482990674,0.000000000,38.22632207,1.080265933,39.30658800,0.7551938016,0.000000000,20.13486760,0.6085204429,20.74338804,0.8593857434
13879.50000000,0.1701566122,0.2192701480,0.3237429249E-01,0.4942667529E-02,0.1484638745E-01,0.1149960340E-01,0.8146413735E-01,0.2100967929,-0.2438773508E-01,0.1451168039E-01,0.000000000,0.3734459910E-02,-0.1343115358E-01,0.8124395129E-02,0.000000000,0.1152988183E-01,0.1457688771,0.2337818284,0.3237429249E-01,0.8677127438E-02,0.1415233874E-02,0.1962399853E-01,0.8146413735E-01,0.2216266747,20.58013027,191.5893193,141.2813217,141.0989006,499.0893193,298.9288597,298.7468605,596.0893193,338.0627543,337.8896406,1008.089319,542.2017960,547.2837209,0.1295906836E-02,0.8191922524E-03,0.4482717495,0.000000000,37.83976301,1.069341874,38.90910488,0.7480660303,0.000000000,19.97639910,0.6037311727,20.58013027,0.8525448631
14244.75000000,0.1722727649,0.2226924341,0.3400323765E-01,0.5022920278E-02,0.1496035262E-01,0.1162820965E-01,0.8293548873E-01,0.2119072373,-0.2457803402E-01,0.1460839330E-01,0.000000000,0.3795095320E-02,-0.1359527474E-01,0.8215254609E-02,0.000000000,0.1158459748E-01,0.1476947309,0.2373008274,0.3400323765E-01,0.8818015598E-02,0.1365077876E-02,0.1984346426E-01,0.8293548873E-01,0.2234918348,20.42611981,191.5154604,141.4621486,141.2813217,499.0154604,299.1092706,298.9288597,596.0154604,338.2344637,338.0627543,1008.015460,542.3646957,547.2837209,0.1294845861E-02,0.8189162952E-03,0.4482446895,0.000000000,37.47883391,1.059142107,38.53797602,0.7414307355,0.000000000,19.82690664,0.5992131783,20.42611981,0.8461079321
14610.00000000,0.1743552414,0.2260838469,0.3561879514E-01,0.5102577143E-02,0.1507221556E-01,0.1175560443E-01,0.8439081097E-01,0.2136946036,-0.2476689549E-01,0.1470423374E-01,0.000000000,0.3855280507E-02,-0.1375811589E-01,0.8305258196E-02,0.000000000,0.1163861566E-01,0.1495883459,0.2407880806,0.3561879514E-01,0.8957857650E-02,0.1314099667E-02,0.2006086263E-01,0.8439081097E-01,0.2253332192,20.16574351,191.4422092,141.6414878,141.4621486,498.9422092,299.2881992,299.1092706,595.9422092,338.4048540,338.2344637,1007.942209,542.5264458,547.2837209,0.1293795317E-02,0.8186439474E-03,0.4482178711,0.000000000,37.14072894,1.049587349,38.19031629,0.7352338726,0.000000000,19.57416863,0.5915748742,20.16574351,0.8365016907
14975.25000000,0.1764056063,0.2294462279,0.3722168870E-01,0.5181665399E-02,0.1518193307E-01,0.1188169747E-01,0.8582677290E-01,0.2154518671,-0.2495441460E-01,0.1479925376E-01,0.000000000,0.3915036077E-02,-0.1391955651E-01,0.8394342111E-02,0.000000000,0.1169172407E-01,0.1514511917,0.2442454816,0.3722168870E-01,0.9096701476E-02,0.1262376558E-02,0.2027603958E-01,0.8582677290E-01,0.2271435911,19.82611225,191.3695272,141.8194333,141.6414878,498.8695272,299.4657389,299.2881992,595.8695272,338.5739995,338.4048540,1007.869527,542.6871004,547.2837209,0.1292754612E-02,0.8183762755E-03,0.4481912796,0.000000000,36.82279004,1.040602478,37.86339252,0.7294240436,0.000000000,19.24450067,0.5816115758,19.82611225,0.8244000237
15340.50000000,0.1784253535,0.2327813685,0.3881282679E-01,0.5260233807E-02,0.1528982775E-01,0.1200683998E-01,0.8726128174E-01,0.2172207281,-0.2514068403E-01,0.1489350397E-01,0.000000000,0.3974398875E-02,-0.1408001908E-01,0.8482754479E-02,0.000000000,0.1174518298E-01,0.1532846695,0.2476748725,0.3881282679E-01,0.9234632681E-02,0.1209808673E-02,0.2048959446E-01,0.8726128174E-01,0.2289659111,19.95696022,191.2973772,141.9960765,141.8194333,498.7973772,299.6419809,299.4657389,595.7973772,338.7419941,338.5739995,1007.797377,542.8467573,547.2837209,0.1291723168E-02,0.8181069252E-03,0.4481649010,0.000000000,36.52446989,1.032172028,37.55664191,0.7239911683,0.000000000,19.37151014,0.5854500840,19.95696022,0.8266720787
15705.75000000,0.1804150377,0.2360895111,0.4039224387E-01,0.5338276950E-02,0.1539599332E-01,0.1213110261E-01,0.8868767464E-01,0.2189813543,-0.2532571252E-01,0.1498699121E-01,0.000000000,0.4033364805E-02,-0.1423959952E-01,0.8570545222E-02,0.000000000,0.1179839301E-01,0.1550893252,0.2510765023,0.4039224387E-01,0.9371641754E-02,0.1156393801E-02,0.2070164783E-01,0.8868767464E-01,0.2307797473,19.86405164,191.2257544,142.1714288,141.9960765,498.7257544,299.8169346,299.6419809,595.7257544,338.9088394,338.7419941,1007.725754,543.0054045,547.2837209,0.1290700891E-02,0.8178389171E-03,0.4481387335,0.000000000,36.22880276,1.023816556,37.25261932,0.7186018423,0.000000000,19.28132709,0.5827245521,19.86405164,0.8225670333
16071.00000000,0.1823662683,0.2393555150,0.4195334276E-01,0.5415481017E-02,0.1550047886E-01,0.1225451355E-01,0.9010496483E-01,0.2207313081,-0.2550866553E-01,0.1507928764E-01,0.000000000,0.4091696767E-02,-0.1439833057E-01,0.8657734251E-02,0.000000000,0.1185128051E-01,0.1568576028,0.2544348027,0.4195334276E-01,0.9507177784E-02,0.1102148287E-02,0.2091224780E-01,0.9010496483E-01,0.2325825886,19.74364205,191.1549808,142.3447021,142.1714288,498.6549808,299.9897949,299.8169346,595.6549808,339.0738359,338.9088394,1007.654981,543.1624024,547.2837209,0.1289692433E-02,0.8175726208E-03,0.4481128968,0.000000000,35.76732564,1.010775332,36.77810097,0.7099301198,0.000000000,19.16444979,0.5791922603,19.74364205,0.8177116791
16436.25000000,0.1842804627,0.2425812507,0.4349776769E-01,0.5491996864E-02,0.1729967647E-01,0.1511581337E-01,0.9149034283E-01,0.2224704970,-0.2568961534E-01,0.1517044609E-01,0.000000000,0.4149508740E-02,-0.1455113597E-01,0.8741489926E-02,0.000000000,0.1190384266E-01,0.1585908473,0.2577516968,0.4349776769E-01,0.9641505604E-02,0.2748540497E-02,0.2385730329E-01,0.9149034283E-01,0.2343743396,19.62218812,191.0850265,142.5159695,142.3447021,498.5850265,300.1606557,299.9897949,595.5850265,339.2371545,339.0738359,1007.585027,543.3180561,547.2837209,0.1288697188E-02,0.8173080488E-03,0.4480873764,0.000000000,35.32633170,0.9983129580,36.32464466,0.7016233750,0.000000000,19.04655879,0.5756293322,19.62218812,0.8051073542
16801.50000000,0.1861693637,0.2457862918,0.4503397328E-01,0.5568217112E-02,0.1977761505E-01,0.1808895389E-01,0.9287023953E-01,0.2241923297,-0.2586962843E-01,0.1526101972E-01,0.000000000,0.4207097372E-02,-0.1470448164E-01,0.8825510105E-02,0.000000000,0.1195588027E-01,0.1602997352,0.2610473116,0.4503397328E-01,0.9775314484E-02,0.5073133413E-02,0.2691446399E-01,0.9287023953E-01,0.2361482100,19.42636915,191.0154774,142.6862450,142.5159695,498.5154774,300.3305507,300.1606557,595.5154774,339.3996876,339.2371545,1007.515477,543.4731635,547.2837209,0.1287709091E-02,0.8170462019E-03,0.4480620173,0.000000000,35.09969772,0.9919083404,36.09160606,0.6975378165,0.000000000,18.85648429,0.5698848583,19.42636915,0.8001769759
17166.75000000,0.1880363558,0.2489756195,0.4656300414E-01,0.5644095394E-02,0.2224719858E-01,0.2106723677E-01,0.9424454427E-01,0.2258968304,-0.2604899879E-01,0.1535114929E-01,0.000000000,0.4264427629E-02,-0.1485835930E-01,0.8909675606E-02,0.000000000,0.1200739407E-01,0.1619873570,0.2643267688,0.4656300414E-01,0.9908523023E-02,0.7388839271E-02,0.2997691237E-01,0.9424454427E-01,0.2379042244,19.23082243,190.9462188,142.8558092,142.6862450,498.4462188,300.4997418,300.3305507,595.4462188,339.5615445,339.3996876,1007.446219,543.6276295,547.2837209,0.1286726592E-02,0.8167870737E-03,0.4480367802,0.000000000,34.92761322,0.9870452774,35.91465850,0.6945503304,0.000000000,18.66667406,0.5641483713,19.23082243,0.7952370056
17532.00000000,0.1898824320,0.2521504680,0.4808540260E-01,0.5719654402E-02,0.2470114779E-01,0.2404241473E-01,0.9561795447E-01,0.2276010738,-0.2622779733E-01,0.1544086969E-01,0.000000000,0.4321516657E-02,-0.1501231298E-01,0.8993753362E-02,0.000000000,0.1205890009E-01,0.1636546347,0.2675913377,0.4808540260E-01,0.1004117106E-01,0.9688834810E-02,0.3303616809E-01,0.9561795447E-01,0.2396599739,19.22792010,190.8772226,143.0247309,142.8558092,498.3772226,300.6682928,300.4997418,595.3772226,339.7227815,339.5615445,1007.377223,543.7814997,547.2837209,0.1285749299E-02,0.8165280669E-03,0.4480116554,0.000000000,34.76904572,0.9825642009,35.75160992,0.6918315508,0.000000000,18.66385687,0.5640632297,19.22792010,0.7952310161
17897.25000000,0.1917066872,0.2553088206,0.4960021433E-01,0.5794842505E-02,0.2713538841E-01,0.2700947115E-01,0.9698711196E-01,0.2292989226,-0.2640591111E-01,0.1553012391E-01,0.000000000,0.4378325446E-02,-0.1516607758E-01,0.9077601606E-02,0.000000000,0.1211021286E-01,0.1653007761,0.2708389445,0.4960021433E-01,0.1017316795E-01,0.1196931083E-01,0.3608707275E-01,0.9698711196E-01,0.2414091355,19.15577395,190.8085318,143.1929050,143.0247309,498.3085318,300.8360948,300.6682928,595.3085318,339.8832965,339.7227815,1007.308532,543.9346681,547.2837209,0.1284777823E-02,0.8162701137E-03,0.4479866589,0.000000000,34.58839249,0.9774589873,35.56585147,0.6886717855,0.000000000,18.59382718,0.5619467767,19.15577395,0.7927997200
18262.50000000,0.1935018092,0.2584371877,0.5110157555E-01,0.5869385170E-02,0.2954742446E-01,0.2996518489E-01,0.9835009754E-01,0.2309875590,-0.2658258913E-01,0.1561853075E-01,0.000000000,0.4434646571E-02,-0.1531948172E-01,0.9161129308E-02,0.000000000,0.1216124720E-01,0.1669192201,0.2740557184,0.5110157555E-01,0.1030403174E-01,0.1422794274E-01,0.3912631420E-01,0.9835009754E-01,0.2431488062,19.05183479,190.7404352,143.3596241,143.1929050,498.2404352,301.0024282,300.8360948,595.2404352,340.0424662,339.8832965,1007.240435,544.0865744,547.2837209,0.1283816297E-02,0.8160136412E-03,0.4479618975,0.000000000,34.26000937,0.9681789656,35.22818833,0.6825763555,0.000000000,18.49293714,0.5588976555,19.05183479,0.7891794342
18627.75000000,0.1952721001,0.2615429795,0.5259326064E-01,0.5943514786E-02,0.3193524968E-01,0.3290683852E-01,0.9970495101E-01,0.2326636423,-0.2675821654E-01,0.1570629962E-01,0.000000000,0.4490655614E-02,-0.1547238104E-01,0.9244259676E-02,0.000000000,0.1221190216E-01,0.1685138836,0.2772492791,0.5259326064E-01,0.1043417040E-01,0.1646286864E-01,0.4215109819E-01,0.9970495101E-01,0.2448755445,18.91020705,190.6727833,143.5252547,143.3596241,498.1727833,301.1676841,301.0024282,595.1727833,340.2006891,340.0424662,1007.172783,544.2376910,547.2837209,0.1282862424E-02,0.8157591553E-03,0.4479373126,0.000000000,34.01277796,0.9611922702,34.97397023,0.6780584456,0.000000000,18.35546414,0.5547429159,18.91020705,0.7842384117
18993.00000000,0.1970168454,0.2646241925,0.5407368313E-01,0.6017100771E-02,0.3429982566E-01,0.3583547002E-01,0.1010558888,0.2343377070,-0.2693268663E-01,0.1579337390E-01,0.000000000,0.4546253914E-02,-0.1562481976E-01,0.9327022041E-02,0.000000000,0.1226249612E-01,0.1700841588,0.2804175664,0.5407368313E-01,0.1056335469E-01,0.1867500590E-01,0.4516249206E-01,0.1010558888,0.2466002031,18.88743207,190.6056161,143.6896986,143.5252547,498.1056161,301.3317530,301.1676841,595.1056161,340.3577953,340.2006891,1007.105616,544.3877508,547.2837209,0.1281916804E-02,0.8155050551E-03,0.4479129200,0.000000000,33.74360632,0.9535855494,34.69719187,0.6731069054,0.000000000,18.33335727,0.5540747973,18.88743207,0.7828416394
19358.25000000,0.1987419875,0.2676911742,0.5554723208E-01,0.6090350048E-02,0.3664145701E-01,0.3875116237E-01,0.1024014806,0.2360056375,-0.2710656520E-01,0.1588004601E-01,0.000000000,0.4601597812E-02,-0.1577680073E-01,0.9409418750E-02,0.000000000,0.1231290468E-01,0.1716354223,0.2835712202,0.5554723208E-01,0.1069194786E-01,0.2086465628E-01,0.4816058112E-01,0.1024014806,0.2483185422,18.81822413,190.5387146,143.8534917,143.6896986,498.0387146,301.4951842,301.3317530,595.0387146,340.5142493,340.3577953,1007.038715,544.5371748,547.2837209,0.1280976244E-02,0.8152519649E-03,0.4478886380,0.000000000,33.58775258,0.9491811632,34.53693374,0.6703925222,0.000000000,18.26617959,0.5520445384,18.81822413,0.7800926085
19723.50000000,0.2004493625,0.2707467207,0.5701557484E-01,0.6163353763E-02,0.3895767393E-01,0.4165043752E-01,0.1037378266,0.2376594672,-0.2728001674E-01,0.1596639495E-01,0.000000000,0.4656756175E-02,-0.1592814492E-01,0.9491351513E-02,0.000000000,0.1236288709E-01,0.1731693457,0.2867131156,0.5701557484E-01,0.1082010994E-01,0.2302952901E-01,0.5114178903E-01,0.1037378266,0.2500223543,18.65913291,190.4720151,144.0167906,143.8534917,497.9720151,301.6581250,301.4951842,594.9720151,340.6702272,340.5142493,1006.972015,544.6861486,547.2837209,0.1280039879E-02,0.8150010922E-03,0.4478644444,0.000000000,33.46252123,0.9456421578,34.40816339,0.6682946944,0.000000000,18.11175541,0.5473774965,18.65913291,0.7744432665
20088.75000000,0.2021409356,0.2737941304,0.5848199606E-01,0.6236373044E-02,0.4124874679E-01,0.4453342550E-01,0.1050671339,0.2393051745,-0.2745322457E-01,0.1605251396E-01,0.000000000,0.4711926298E-02,-0.1607884992E-01,0.9572824004E-02,0.000000000,0.1241262402E-01,0.1746877111,0.2898466443,0.5848199606E-01,0.1094829934E-01,0.2516989687E-01,0.5410624951E-01,0.1050671339,0.2517177985,18.56749329,190.4054464,144.1797692,144.0167906,497.9054464,301.8207505,301.6581250,594.9054464,340.8260776,340.6702272,1006.905446,544.8352047,547.2837209,0.1279106690E-02,0.8147515284E-03,0.4478403131,0.000000000,33.37341223,0.9431239605,34.31653619,0.6669133296,0.000000000,18.02280410,0.5446891902,18.56749329,0.7707651313
20454.00000000,0.2038149308,0.2768297502,0.5994183713E-01,0.6308991456E-02,0.4351703548E-01,0.4740289307E-01,0.1063918811,0.2409473882,-0.2762598943E-01,0.1613829979E-01,0.000000000,0.4766793542E-02,-0.1622905261E-01,0.9653914412E-02,0.000000000,0.1246225537E-01,0.1761889414,0.2929680500,0.5994183713E-01,0.1107578500E-01,0.2728798287E-01,0.5705680748E-01,0.1063918811,0.2534096436,18.52807760,190.3390847,144.3422408,144.1797692,497.8390847,301.9828646,301.8207505,594.8390847,340.9813045,340.8260776,1006.839085,544.9834926,547.2837209,0.1278177789E-02,0.8145025707E-03,0.4478162731,0.000000000,33.24429633,0.9394751786,34.18377151,0.6647400646,0.000000000,17.98454469,0.5435329060,18.52807760,0.7688242812
20819.25000000,0.2054713744,0.2798534234,0.6139627343E-01,0.6381355687E-02,0.4576348103E-01,0.5025972357E-01,0.1077116734,0.2425843722,-0.2779829465E-01,0.1622374801E-01,0.000000000,0.4821468739E-02,-0.1637879882E-01,0.9734647700E-02,0.000000000,0.1251172867E-01,0.1776730797,0.2960771714,0.6139627343E-01,0.1120282443E-01,0.2938468221E-01,0.5999437127E-01,0.1077116734,0.2550961008,18.46907344,190.2729360,144.5041911,144.3422408,497.7729360,302.1444576,301.9828646,594.7729360,341.1360320,340.9813045,1006.772936,545.1313112,547.2837209,0.1277253216E-02,0.8142544816E-03,0.4477923256,0.000000000,33.11346395,0.9357778895,34.04924184,0.6625225300,0.000000000,17.92727146,0.5418019815,18.46907344,0.7663805645
21184.50000000,0.2071105078,0.2828653026,0.6284469027E-01,0.6453391651E-02,0.4798882630E-01,0.5310461298E-01,0.1090267074,0.2442162609,-0.2797014597E-01,0.1630886293E-01,0.000000000,0.4875895912E-02,-0.1652812245E-01,0.9815043536E-02,0.000000000,0.1256104797E-01,0.1791403618,0.2991741655,0.6284469027E-01,0.1132928756E-01,0.3146070385E-01,0.6291965652E-01,0.1090267074,0.2567773089,18.41158671,190.2069975,144.6656268,144.5041911,497.7069975,302.3055363,302.1444576,594.7069975,341.2901940,341.1360320,1006.706998,545.2785086,547.2837209,0.1276332915E-02,0.8140072400E-03,0.4477684694,0.000000000,32.98430390,0.9321278598,33.91643176,0.6603338050,0.000000000,17.87147114,0.5401155719,18.41158671,0.7640337084
21549.75000000,0.2087314437,0.2858633833,0.6428512604E-01,0.6524943321E-02,0.5019358527E-01,0.5593797653E-01,0.1103369253,0.2458426440,-0.2814142953E-01,0.1639358791E-01,0.000000000,0.4929957174E-02,-0.1667704299E-01,0.9895113654E-02,0.000000000,0.1261020088E-01,0.1805900142,0.3022569712,0.6428512604E-01,0.1145490050E-01,0.3351654228E-01,0.6583309018E-01,0.1103369253,0.2584528449,18.34947048,190.1413124,144.8264420,144.6656268,497.6413124,302.4659922,302.3055363,594.6413124,341.4435806,341.2901940,1006.641312,545.4247650,547.2837209,0.1275417491E-02,0.8137609074E-03,0.4477447205,0.000000000,32.83319035,0.9278574303,33.76104778,0.6577042745,0.000000000,17.81117713,0.5382933529,18.34947048,0.7615817355
21915.00000000,0.2103357696,0.2888504416,0.6572165271E-01,0.6596382128E-02,0.5235807772E-01,0.5873336470E-01,0.1116313474,0.2474506309,-0.2831229338E-01,0.1647800140E-01,0.000000000,0.4983933161E-02,-0.1682420079E-01,0.9974110597E-02,0.000000000,0.1265879782E-01,0.1820234762,0.3053284430,0.6572165271E-01,0.1158031529E-01,0.3553387692E-01,0.6870747529E-01,0.1116313474,0.2601094287,18.14191761,190.0758233,144.9867773,144.8264420,497.5758233,302.6259725,302.4659922,594.5758233,341.5966245,341.4435806,1006.575823,545.5708393,547.2837209,0.1274506086E-02,0.8135174348E-03,0.4477210569,0.000000000,32.71247932,0.9244461676,33.63692548,0.6556710862,0.000000000,17.60971295,0.5322046571,18.14191761,0.7528223992
22280.25000000,0.2063054476,0.2829207790,0.6423160512E-01,0.6500993210E-02,0.5100019572E-01,0.5702860535E-01,0.1068234592,0.2361786600,-0.2013498884E-01,0.1228873333E-01,0.000000000,0.4911861534E-02,-0.1467066616E-01,0.8769709186E-02,0.000000000,0.4142197611E-02,0.1861704588,0.2952095124,0.6423160512E-01,0.1141285474E-01,0.3632952956E-01,0.6579831453E-01,0.1068234592,0.2403208577,-216.7126195,193.0689470,137.6587849,144.9867773,500.5689470,294.9584018,302.6259725,597.5689470,337.6768810,341.5966245,1009.568947,545.3758796,547.2837209,0.1319704910E-02,0.8561731762E-03,0.4477680300,-64.93812487,0.000000000,-45.87836355,-110.8164884,-30.36317083,-123.4438972,0.000000000,-93.26872232,-216.7126195,-90.58833571
22645.50000000,0.2033965497,0.2799557578,0.6345435135E-01,0.6360440478E-02,0.5006234207E-01,0.5601680207E-01,0.1064816826,0.2359490077,-0.1602660116E-01,0.1019396506E-01,0.000000000,0.4805666137E-02,-0.1334028085E-01,0.8054876743E-02,0.000000000,0.3968682504E-02,0.1873699485,0.2901497228,0.6345435135E-01,0.1116610662E-01,0.3672206122E-01,0.6407167881E-01,0.1064816826,0.2399176902,-4.415249349,194.6461309,133.7974036,144.9867773,502.1461309,291.1911752,302.6259725,599.1461309,335.6454452,341.5966245,1011.146131,545.0888000,547.2837209,0.1343107282E-02,0.8570878016E-03,0.4477915151,-32.47114324,0.000000000,-22.94065185,-55.41179509,-15.22563204,-2.515015452,0.000000000,-1.900233897,-4.415249349,-3.779109350
23010.75000000,0.2014577230,0.2782339905,0.6296851902E-01,0.6183986261E-02,0.4939356795E-01,0.5533310311E-01,0.1062580096,0.2357992829,-0.1373916667E-01,0.8977547667E-02,0.000000000,0.4672345173E-02,-0.1245559112E-01,0.7571847863E-02,0.000000000,0.3855557120E-02,0.1877185563,0.2872115382,0.6296851902E-01,0.1085633143E-01,0.3693797683E-01,0.6290495097E-01,0.1062580096,0.2396548400,-2.878578037,195.5489124,131.5871455,144.9867773,503.0489124,289.0258700,302.6259725,600.0489124,334.3808148,341.5966245,1012.048912,544.7286869,547.2837209,0.1356937862E-02,0.8576847403E-03,0.4478051518,-18.85576747,0.000000000,-13.32147728,-32.17724474,-8.742052794,-1.639696350,0.000000000,-1.238881687,-2.878578037,-2.501491977
23376.00000000,0.2001396460,0.2771491783,0.6263827208E-01,0.6008943960E-02,0.4888979195E-01,0.5483605700E-01,0.1060848361,0.2356630082,-0.1233617824E-01,0.8211134888E-02,0.000000000,0.4540090990E-02,-0.1182011265E-01,0.7220688015E-02,0.000000000,0.3752593963E-02,0.1878034677,0.2853603132,0.6263827208E-01,0.1054903495E-01,0.3706967929E-01,0.6205674501E-01,0.1060848361,0.2394156021,-2.619990933,196.1118414,130.2089400,144.9867773,503.6118414,287.6703977,302.6259725,600.6118414,333.5235465,341.5966245,1012.611841,544.3717460,547.2837209,0.1365741654E-02,0.8582284335E-03,0.4478137433,-11.88021581,0.000000000,-8.393295324,-20.27351113,-5.466736745,-1.492399898,0.000000000,-1.127591035,-2.619990933,-2.024540379
23741.25000000,0.1991985958,0.2764102946,0.6239732797E-01,0.5847996242E-02,0.4849054967E-01,0.5445225350E-01,0.1059440633,0.2355396030,-0.1139779589E-01,0.7689118334E-02,0.000000000,0.4418486047E-02,-0.1133377533E-01,0.6949533339E-02,0.000000000,0.3659354533E-02,0.1878007999,0.2840994129,0.6239732797E-01,0.1026648229E-01,0.3715677435E-01,0.6140178684E-01,0.1059440633,0.2391989576,-2.372561901,196.4922881,129.2775016,144.9867773,503.9922881,286.7512247,302.6259725,600.9922881,332.8993534,341.5966245,1012.992288,544.0437918,547.2837209,0.1371776968E-02,0.8587210930E-03,0.4478195950,-8.091813563,0.000000000,-5.716813739,-13.80862730,-3.703678842,-1.351459311,0.000000000,-1.021102591,-2.372561901,-1.699999825
24106.50000000,0.1984902671,0.2758717231,0.6221134580E-01,0.5703867485E-02,0.4816075244E-01,0.5414160381E-01,0.1058255739,0.2354280150,-0.1072258434E-01,0.7308621079E-02,0.000000000,0.4309588764E-02,-0.1094281694E-01,0.6730061349E-02,0.000000000,0.3575043578E-02,0.1877676827,0.2831803442,0.6221134580E-01,0.1001345625E-01,0.3721793551E-01,0.6087166516E-01,0.1058255739,0.2390030586,-2.145368732,196.7679609,128.6025784,144.9867773,504.2679609,286.0833918,302.6259725,601.2679609,332.4182945,341.5966245,1013.267961,543.7503055,547.2837209,0.1376195542E-02,0.8591668319E-03,0.4478238602,-5.898113427,0.000000000,-4.166978837,-10.06509226,-2.688944016,-1.222045480,0.000000000,-0.9233232519,-2.145368732,-1.463921488
24471.75000000,0.1979318531,0.2754570960,0.6206152933E-01,0.5575789412E-02,0.4787957047E-01,0.5388115638E-01,0.1057233182,0.2353269620,-0.1020769995E-01,0.7015689760E-02,0.000000000,0.4212818664E-02,-0.1061680257E-01,0.6546056927E-02,0.000000000,0.3498692401E-02,0.1877241532,0.2824727858,0.6206152933E-01,0.9788608076E-02,0.3726276790E-01,0.6042721330E-01,0.1057233182,0.2388256544,-1.942824990,196.9792367,128.0853171,144.9867773,504.4792367,285.5705227,302.6259725,601.4792367,332.0312668,341.5966245,1013.479237,543.4896581,547.2837209,0.1379608202E-02,0.8595706982E-03,0.4478271438,-4.540747975,0.000000000,-3.208008959,-7.748756935,-2.063847968,-1.106672462,0.000000000,-0.8361525274,-1.942824990,-1.283551382
24837.00000000,0.1974751023,0.2751242070,0.6193698056E-01,0.5461971466E-02,0.4763422473E-01,0.5365713215E-01,0.1056334887,0.2352352180,-0.9797326305E-02,0.6780505816E-02,0.000000000,0.4126822883E-02,-0.1033760573E-01,0.6387785264E-02,0.000000000,0.3429374767E-02,0.1876777760,0.2819047128,0.6193698056E-01,0.9588794349E-02,0.3729661901E-01,0.6004491741E-01,0.1056334887,0.2386645928,-1.763850094,197.1482738,127.6714675,144.9867773,504.6482738,285.1595769,302.6259725,601.6482738,331.7098496,341.5966245,1013.648274,543.2581537,547.2837209,0.1382354897E-02,0.8599375323E-03,0.4478297801,-3.645602064,0.000000000,-2.575594186,-6.221196250,-1.653025037,-1.004724737,0.000000000,-0.7591253571,-1.763850094,-1.140066962
25202.25000000,0.1970908802,0.2748484078,0.6183100586E-01,0.5360503395E-02,0.4741656702E-01,0.5346085483E-01,0.1055535650,0.2351516939,-0.9459287506E-02,0.6585655478E-02,0.000000000,0.4050158118E-02,-0.1009387922E-01,0.6249116613E-02,0.000000000,0.3366267635E-02,0.1876315927,0.2814340633,0.6183100586E-01,0.9410661514E-02,0.3732268780E-01,0.5970997144E-01,0.1055535650,0.2385179615,-1.605818227,197.2879405,127.3295249,144.9867773,504.7879405,284.8196681,302.6259725,601.7879405,331.4366080,341.5966245,1013.787941,543.0518660,547.2837209,0.1384635070E-02,0.8602716425E-03,0.4478319642,-3.020388134,0.000000000,-2.133884604,-5.154272737,-1.366881167,-0.9147065851,0.000000000,-0.6911116423,-1.605818227,-1.022220079
25567.50000000,0.1967608015,0.2746144903,0.6173926166E-01,0.5269651752E-02,0.4722117495E-01,0.5328659184E-01,0.1054817939,0.2350754442,-0.9173923972E-02,0.6420394308E-02,0.000000000,0.3981514655E-02,-0.9878159582E-02,0.6126000942E-02,0.000000000,0.3308656768E-02,0.1875868775,0.2810348847,0.6173926166E-01,0.9251166407E-02,0.3734301537E-01,0.5941259278E-01,0.1054817939,0.2383841010,-1.465960788,197.4061400,127.0401401,144.9867773,504.9061400,284.5317793,302.6259725,601.9061400,331.2002394,341.5966245,1013.906140,542.8672400,547.2837209,0.1386572175E-02,0.8605767721E-03,0.4478338166,-2.561724462,0.000000000,-1.809841698,-4.371566160,-1.157450325,-0.8350409551,0.000000000,-0.6309198330,-1.465960788,-0.9230326633
25932.75000000,0.1964727125,0.2744125660,0.6165878447E-01,0.5187929776E-02,0.4704427387E-01,0.5313037112E-01,0.1054168979,0.2350056531,-0.8928551197E-02,0.6277736078E-02,0.000000000,0.3919769162E-02,-0.9685294824E-02,0.6015632019E-02,0.000000000,0.3255925683E-02,0.1875441613,0.2806903021,0.6165878447E-01,0.9107698938E-02,0.3735897905E-01,0.5914600314E-01,0.1054168979,0.2382615788,-1.341790284,197.5079910,126.7907807,144.9867773,505.0079910,284.2835651,302.6259725,602.0079910,330.9930386,341.5966245,1014.007991,542.7012300,547.2837209,0.1388246680E-02,0.8608561556E-03,0.4478354157,-2.211354781,0.000000000,-1.562307793,-3.773662574,-0.9977869805,-0.7643109214,0.000000000,-0.5774793630,-1.341790284,-0.8380030595
26298.00000000,0.1962182111,0.2742358888,0.6158746126E-01,0.5114087995E-02,0.4688311451E-01,0.5298931237E-01,0.1053579060,0.2349416148,-0.8714570900E-02,0.6152914748E-02,0.000000000,0.3863977594E-02,-0.9511561744E-02,0.5915974931E-02,0.000000000,0.3207541176E-02,0.1875036402,0.2803888035,0.6158746126E-01,0.8978065589E-02,0.3737155276E-01,0.5890528730E-01,0.1053579060,0.2381491559,-1.231187695,197.5969741,126.5729254,144.9867773,505.0969741,284.0666149,302.6259725,602.0969741,330.8095158,341.5966245,1014.096974,542.5512794,547.2837209,0.1389713587E-02,0.8611125929E-03,0.4478368148,-1.934863789,0.000000000,-1.366968703,-3.301832491,-0.8720102460,-0.7013094466,0.000000000,-0.5298782487,-1.231187695,-0.7641102343
26663.25000000,0.1959912461,0.2740796563,0.6152372747E-01,0.5047081741E-02,0.4673560641E-01,0.5286123804E-01,0.1053040529,0.2348827159,-0.8525895802E-02,0.6042537555E-02,0.000000000,0.3813350646E-02,-0.9354154851E-02,0.5825491243E-02,0.000000000,0.3163039846E-02,0.1874653503,0.2801221939,0.6152372747E-01,0.8860432387E-02,0.3738145156E-01,0.5868672928E-01,0.1053040529,0.2380457558,-1.132376705,197.6755599,126.3805258,144.9867773,505.1755599,283.8749490,302.6259725,602.1755599,330.6456088,341.5966245,1014.175560,542.4152522,547.2837209,0.1391012116E-02,0.8613485197E-03,0.4478380520,-1.710964271,0.000000000,-1.208785147,-2.919749418,-0.7703153297,-0.6450247053,0.000000000,-0.4873519997,-1.132376705,-0.6992447816
27028.50000000,0.1957872991,0.2739403222,0.6146638737E-01,0.4986036021E-02,0.4660009755E-01,0.5274444056E-01,0.1052547170,0.2348284207,-0.8358052170E-02,0.5944098898E-02,0.000000000,0.3767227213E-02,-0.9210881599E-02,0.5742974585E-02,0.000000000,0.3122016762E-02,0.1874292470,0.2798844211,0.6146638737E-01,0.8753263234E-02,0.3738921595E-01,0.5848741515E-01,0.1052547170,0.2379504375,-1.043869604,197.7455682,126.2091262,144.9867773,505.2455682,283.7041563,302.6259725,602.2455682,330.4982156,341.5966245,1014.245568,542.2913603,547.2837209,0.1392171277E-02,0.8615660660E-03,0.4478391554,-1.525904211,0.000000000,-1.078041417,-2.603945627,-0.6863777362,-0.5946092679,0.000000000,-0.4492603359,-1.043869604,-0.6418757957
27393.75000000,0.1956028913,0.2738151843,0.6141450274E-01,0.4930214372E-02,0.4647523888E-01,0.5263753928E-01,0.1052093812,0.2347782582,-0.8207646476E-02,0.5855689780E-02,0.000000000,0.3725050856E-02,-0.9079975237E-02,0.5667449525E-02,0.000000000,0.3084116231E-02,0.1873952449,0.2796708741,0.6141450274E-01,0.8655265229E-02,0.3739526364E-01,0.5830498881E-01,0.1052093812,0.2378623745,-0.9644134018,197.8083824,126.0553396,144.9867773,505.3083824,283.5508796,302.6259725,602.3083824,330.3649036,341.5966245,1014.308382,542.1781002,547.2837209,0.1393213203E-02,0.8617671040E-03,0.4478401464,-1.370435651,0.000000000,-0.9682038888,-2.338639540,-0.6159499317,-0.5493494060,0.000000000,-0.4150639958,-0.9644134018,-0.5908511233
27759.00000000,0.1954352735,0.2737021294,0.6136732129E-01,0.4878993127E-02,0.4635989916E-01,0.5253938977E-01,0.1051676069,0.2347318131,-0.8072035480E-02,0.5775817244E-02,0.000000000,0.3686350360E-02,-0.8959976391E-02,0.5598107531E-02,0.000000000,0.3049024361E-02,0.1873632380,0.2794779467,0.6136732129E-01,0.8565343487E-02,0.3739992276E-01,0.5813749730E-01,0.1051676069,0.2377808375,-0.8929444537,197.8650824,125.9165225,144.9867773,505.3650824,283.4124966,302.6259725,602.3650824,330.2437238,341.5966245,1014.365082,542.0741988,547.2837209,0.1394155227E-02,0.8619532874E-03,0.4478410417,-1.238109535,0.000000000,-0.8747163468,-2.112825882,-0.5560733985,-0.5086392457,0.000000000,-0.3843052080,-0.8929444537,-0.5452748318
28124.25000000,0.1952822255,0.2735994685,0.6132422884E-01,0.4831840737E-02,0.4625311001E-01,0.5244902468E-01,0.1051290169,0.2346887172,-0.7949114396E-02,0.5703287989E-02,0.000000000,0.3650724110E-02,-0.8849655766E-02,0.5534265186E-02,0.000000000,0.3016463046E-02,0.1873331111,0.2793027565,0.6132422884E-01,0.8482564847E-02,0.3740345424E-01,0.5798328987E-01,0.1051290169,0.2377051803,-0.8285522136,197.9165295,125.7905658,144.9867773,505.4165295,283.2869133,302.6259725,602.4165295,330.1330860,341.5966245,1014.416529,541.9785720,547.2837209,0.1395011222E-02,0.8621260819E-03,0.4478418546,-1.124280841,0.000000000,-0.7942971140,-1.918577955,-0.5046195880,-0.4719601216,0.000000000,-0.3565920920,-0.8285522136,-0.5044301441
28489.50000000,0.1951419225,0.2735058269,0.6128471647E-01,0.4788301330E-02,0.4615402942E-01,0.5236561393E-01,0.1050932830,0.2346486434,-0.7837176106E-02,0.5637130777E-02,0.000000000,0.3617827669E-02,-0.8747962023E-02,0.5475336032E-02,0.000000000,0.2986185053E-02,0.1873047464,0.2791429577,0.6128471647E-01,0.8406128999E-02,0.3740606740E-01,0.5784094997E-01,0.1050932830,0.2376348285,-0.7704510093,197.9634237,125.6757558,144.9867773,505.4634237,283.1724272,302.6259725,602.4634237,330.0316734,341.5966245,1014.463424,541.8902903,547.2837209,0.1395792494E-02,0.8622867917E-03,0.4478425962,-1.025507369,0.000000000,-0.7245142969,-1.750021666,-0.4600128257,-0.4388644989,0.000000000,-0.3315865104,-0.7704510093,-0.4677297821
28854.75000000,0.1950128418,0.2734200686,0.6124835721E-01,0.4747981631E-02,0.4606191669E-01,0.5228843691E-01,0.1050601175,0.2346112999,-0.7734814619E-02,0.5576543072E-02,0.000000000,0.3587363896E-02,-0.8653985455E-02,0.5420810966E-02,0.000000000,0.2957969980E-02,0.1872780271,0.2789966116,0.6124835721E-01,0.8335345527E-02,0.3740793123E-01,0.5770924787E-01,0.1050601175,0.2375692699,-0.7179581312,198.0063426,125.5706785,144.9867773,505.5063426,283.0676329,302.6259725,602.5063426,329.9383821,341.5966245,1014.506343,541.8085524,547.2837209,0.1396508394E-02,0.8624365797E-03,0.4478432753,-0.9391740650,0.000000000,-0.6635203785,-1.602694443,-0.4210573296,-0.4089634924,0.000000000,-0.3089946388,-0.7179581312,-0.4346831150
29220.00000000,0.1948936973,0.2733412429,0.6121478910E-01,0.4710540522E-02,0.4597611472E-01,0.5221686252E-01,0.1050292662,0.2345764261,-0.7640856932E-02,0.5520853275E-02,0.000000000,0.3559075058E-02,-0.8566931827E-02,0.5370244125E-02,0.000000000,0.2931620882E-02,0.1872528404,0.2788620962,0.6121478910E-01,0.8269615580E-02,0.3740918289E-01,0.5758710665E-01,0.1050292662,0.2375080470,-0.6704766906,198.0457687,125.4741524,144.9867773,505.5457687,282.9713556,302.6259725,602.5457687,329.8522765,341.5966245,1014.545769,541.7326632,547.2837209,0.1397166758E-02,0.8625764861E-03,0.4478438995,-0.8632512816,0.000000000,-0.6098814250,-1.473132707,-0.3868259701,-0.3819171022,0.000000000,-0.2885595884,-0.6704766906,-0.4048738010
29585.25000000,0.1947833916,0.2732685459,0.6118370255E-01,0.4675680655E-02,0.4589603695E-01,0.5215033435E-01,0.1050005038,0.2345437886,-0.7554313712E-02,0.5469493321E-02,0.000000000,0.3532736492E-02,-0.8486102922E-02,0.5323242406E-02,0.000000000,0.2906961431E-02,0.1872290779,0.2787380393,0.6118370255E-01,0.8208417147E-02,0.3740993402E-01,0.5747357676E-01,0.1050005038,0.2374507501,-0.6274821080,198.0821098,125.3851793,144.9867773,505.5821098,282.8826024,302.6259725,602.5821098,329.7725571,341.5966245,1014.582110,541.6620175,547.2837209,0.1397774221E-02,0.8627074420E-03,0.4478444752,-0.7961340873,0.000000000,-0.5624635630,-1.358597650,-0.3565863836,-0.3574265171,0.000000000,-0.2700555908,-0.6274821080,-0.3779441413
29950.50000000,0.1946809799,0.2732012913,0.6115483077E-01,0.4643141665E-02,0.4582115742E-01,0.5208835929E-01,0.1049736298,0.2345131781,-0.7474342799E-02,0.5421978353E-02,0.000000000,0.3508151478E-02,-0.8410881656E-02,0.5279457428E-02,0.000000000,0.2883833495E-02,0.1872066371,0.2786232696,0.6115483077E-01,0.8151293143E-02,0.3741027576E-01,0.5736781672E-01,0.1049736298,0.2373970116,-0.5885113159,198.1157135,125.3029084,144.9867773,505.6157135,282.8005266,302.6259725,602.6157135,329.6985353,341.5966245,1014.615713,541.5960851,547.2837209,0.1398336452E-02,0.8628302835E-03,0.4478450078,-0.7365326980,0.000000000,-0.5203555685,-1.256888266,-0.3297506155,-0.3352279647,0.000000000,-0.2532833512,-0.5885113159,-0.3535838058
30315.75000000,0.1945856432,0.2731388887,0.6112794236E-01,0.4612694637E-02,0.4575100302E-01,0.5203049859E-01,0.1049484648,0.2344844067,-0.7400221630E-02,0.5377891328E-02,0.000000000,0.3485147057E-02,-0.8340720370E-02,0.5238579216E-02,0.000000000,0.2862095067E-02,0.1871854216,0.2785167800,0.6112794236E-01,0.8097841694E-02,0.3741028265E-01,0.5726907780E-01,0.1049484648,0.2373465017,-0.5531540337,198.1468783,125.2266084,144.9867773,505.6468783,282.7244005,302.6259725,602.6468783,329.6296139,341.5966245,1014.646878,541.5344003,547.2837209,0.1398858331E-02,0.8629457611E-03,0.4478455019,-0.6833959181,0.000000000,-0.4828147786,-1.166210697,-0.3058399553,-0.3150877407,0.000000000,-0.2380662931,-0.5531540337,-0.3315214847
30681.00000000,0.1944966668,0.2730808270,0.6110283547E-01,0.4584137559E-02,0.4568514713E-01,0.5197636064E-01,0.1049248485,0.2344573053,-0.7331325922E-02,0.5336871083E-02,0.000000000,0.3463570598E-02,-0.8275131422E-02,0.5200331107E-02,0.000000000,0.2841618468E-02,0.1871653409,0.2784176980,0.6110283547E-01,0.8047708157E-02,0.3741001571E-01,0.5717669175E-01,0.1049248485,0.2372989238,-0.5210456317,198.1758626,125.1556468,144.9867773,505.6758626,282.6535945,302.6259725,602.6758626,329.5652726,341.5966245,1014.675863,541.4765521,547.2837209,0.1399344088E-02,0.8630545503E-03,0.4478459617,-0.6358575647,0.000000000,-0.4492292406,-1.085086805,-0.2844603317,-0.2967981446,0.000000000,-0.2242474871,-0.5210456317,-0.3115185429
31046.25000000,0.1944134238,0.2730266608,0.6107933316E-01,0.4557291555E-02,0.4562320442E-01,0.5192559507E-01,0.1049026371,0.2344317219,-0.7267113089E-02,0.5298603031E-02,0.000000000,0.3443286950E-02,-0.8213679465E-02,0.5164465562E-02,0.000000000,0.2822288789E-02,0.1871463107,0.2783252638,0.6107933316E-01,0.8000578506E-02,0.3740952495E-01,0.5709006063E-01,0.1049026371,0.2372540107,-0.4918612143,198.2028912,125.0894733,144.9867773,505.7028912,282.5875605,302.6259725,602.7028912,329.5050551,341.5966245,1014.702891,541.4221769,547.2837209,0.1399797411E-02,0.8631572590E-03,0.4478463906,-0.5931956382,0.000000000,-0.4190888665,-1.012284505,-0.2652835832,-0.2801741094,0.000000000,-0.2116871050,-0.4918612143,-0.2933640748
31411.50000000,0.1943353617,0.2729760004,0.6105727963E-01,0.4531997745E-02,0.4556482639E-01,0.5187788777E-01,0.1048817013,0.2344075195,-0.7207109094E-02,0.5262811767E-02,0.000000000,0.3424176071E-02,-0.8155975008E-02,0.5130760662E-02,0.000000000,0.2804002522E-02,0.1871282526,0.2782388121,0.6105727963E-01,0.7956173816E-02,0.3740885138E-01,0.5700864843E-01,0.1048817013,0.2372115220,-0.4653106744,198.2281607,125.0276064,144.9867773,505.7281607,282.5258190,302.6259725,602.7281607,329.4485601,341.5966245,1014.728161,541.3709516,547.2837209,0.1400221531E-02,0.8632544351E-03,0.4478467918,-0.5548027788,0.000000000,-0.3919645606,-0.9467673394,-0.2480339104,-0.2650503841,0.000000000,-0.2002602903,-0.4653106744,-0.2768709710
31776.75000000,0.1942619916,0.2729285029,0.6103653718E-01,0.4508114608E-02,0.4550969760E-01,0.5183295668E-01,0.1048619250,0.2343845746,-0.7150897876E-02,0.5229255105E-02,0.000000000,0.3406131034E-02,-0.8101668977E-02,0.5099017141E-02,0.000000000,0.2786666354E-02,0.1871110937,0.2781577580,0.6103653718E-01,0.7914245642E-02,0.3740802863E-01,0.5693197382E-01,0.1048619250,0.2371712409,-0.4411345033,198.2518441,124.9696231,144.9867773,505.7518441,282.4679488,302.6259725,602.7518441,329.3954330,341.5966245,1014.751844,541.3225886,547.2837209,0.1400619293E-02,0.8633465725E-03,0.4478471679,-0.5201640594,0.000000000,-0.3674925304,-0.8876565898,-0.2324776950,-0.2512791474,0.000000000,-0.1898553559,-0.4411345033,-0.2618727234
32142.00000000,0.1941928793,0.2728838657,0.6101698369E-01,0.4485515759E-02,0.4545753230E-01,0.5179054821E-01,0.1048432035,0.2343627757,-0.7098112747E-02,0.5197719221E-02,0.000000000,0.3389056348E-02,-0.8050448063E-02,0.5069055834E-02,0.000000000,0.2770196114E-02,0.1870947666,0.2780815849,0.6101698369E-01,0.7874572107E-02,0.3740708424E-01,0.5685960405E-01,0.1048432035,0.2371329718,-0.4191002150,198.2740936,124.9151500,144.9867773,505.7740936,282.4135781,302.6259725,602.7740936,329.3453593,341.5966245,1014.774094,541.2768311,547.2837209,0.1400993207E-02,0.8634341171E-03,0.4478475214,-0.4888398611,0.000000000,-0.3453621876,-0.8342020488,-0.2184156562,-0.2387279705,0.000000000,-0.1803722445,-0.4191002150,-0.2482207899
32507.25000000,0.1941276381,0.2728418206,0.6099851050E-01,0.4464088062E-02,0.4540807151E-01,0.5175043410E-01,0.1048254426,0.2343420224,-0.7048429349E-02,0.5168014654E-02,0.000000000,0.3372866533E-02,-0.8002030713E-02,0.5040715478E-02,0.000000000,0.2754515821E-02,0.1870792087,0.2780098353,0.6099851050E-01,0.7836954594E-02,0.3740604079E-01,0.5679114958E-01,0.1048254426,0.2370965382,-0.3989992703,198.2950444,124.8638569,144.9867773,505.7950444,282.3623775,302.6259725,602.7950444,329.2980595,341.5966245,1014.795044,541.2334492,547.2837209,0.1401345502E-02,0.8635174714E-03,0.4478478543,-0.4604524801,0.000000000,-0.3253066873,-0.7857591674,-0.2056767198,-0.2272780653,0.000000000,-0.1717212050,-0.3989992703,-0.2357823885
32872.50000000,0.1940659223,0.2728021293,0.6098102067E-01,0.4443730015E-02,0.4536108043E-01,0.5171240870E-01,0.1048085574,0.2343222238,-0.7001559816E-02,0.5139972998E-02,0.000000000,0.3357484897E-02,-0.7956163641E-02,0.5013850780E-02,0.000000000,0.2739556857E-02,0.1870643625,0.2779421023,0.6098102067E-01,0.7801214912E-02,0.3740491678E-01,0.5672625948E-01,0.1048085574,0.2370617806,-0.3806444132,198.3148162,124.8154500,144.9867773,505.8148162,282.3140548,302.6259725,602.8148162,329.2532840,341.5966245,1014.814816,541.1922368,547.2837209,0.1401678158E-02,0.8635969988E-03,0.4478481686,-0.4346755903,0.000000000,-0.3070954820,-0.7417710723,-0.1941131982,-0.2168227670,0.000000000,-0.1638216462,-0.3806444132,-0.2244386293
33237.75000000,0.1940074224,0.2727645792,0.6096442747E-01,0.4424350371E-02,0.4531634611E-01,0.5167628658E-01,0.1047924710,0.2343032978,-0.6957247896E-02,0.5113444123E-02,0.000000000,0.3342842500E-02,-0.7912618782E-02,0.4988330736E-02,0.000000000,0.2725257216E-02,0.1870501745,0.2778780234,0.6096442747E-01,0.7767192871E-02,0.3740372733E-01,0.5666461732E-01,0.1047924710,0.2370285550,-0.3638673492,198.3335159,124.7696680,144.9867773,505.8335159,282.2683492,302.6259725,602.8335159,329.2108099,341.5966245,1014.833516,541.1530086,547.2837209,0.1401992944E-02,0.8636730281E-03,0.4478484660,-0.4112258583,0.000000000,-0.2905283986,-0.7017542570,-0.1835969568,-0.2072662116,0.000000000,-0.1566011377,-0.3638673492,-0.2140829161
33603.00000000,0.1939518606,0.2727289805,0.6094865317E-01,0.4405866944E-02,0.4527367537E-01,0.5164190042E-01,0.1047771143,0.2342851702,-0.6915264864E-02,0.5088293843E-02,0.000000000,0.3328877244E-02,-0.7871190612E-02,0.4964037137E-02,0.000000000,0.2711560840E-02,0.1870365958,0.2778172743,0.6094865317E-01,0.7734744188E-02,0.3740248476E-01,0.5660593756E-01,0.1047771143,0.2369967310,-0.3485167116,198.3512389,124.7262771,144.9867773,505.8512389,282.2250279,302.6259725,602.8512389,329.1704373,341.5966245,1014.851239,541.1155977,547.2837209,0.1402291438E-02,0.8637458562E-03,0.4478487479,-0.3898561776,0.000000000,-0.2754308580,-0.6652870356,-0.1740163234,-0.1985221774,0.000000000,-0.1499945341,-0.3485167116,-0.2046195677
33968.25000000,0.1938989868,0.2726951629,0.6093362789E-01,0.4388205578E-02,0.4523289294E-01,0.5160909916E-01,0.1047624247,0.2342677740,-0.6875406047E-02,0.5064401929E-02,0.000000000,0.3315533101E-02,-0.7831693788E-02,0.4940863258E-02,0.000000000,0.2698417026E-02,0.1870235808,0.2777595648,0.6093362789E-01,0.7703738679E-02,0.3740119915E-01,0.5654996242E-01,0.1047624247,0.2369661910,-0.3344562706,198.3680708,124.6850682,144.9867773,505.8680708,282.1838825,302.6259725,602.8680708,329.1319866,341.5966245,1014.868071,541.0798536,547.2837209,0.1402575057E-02,0.8638157522E-03,0.4478490157,-0.3703501614,0.000000000,-0.2616499842,-0.6320001456,-0.1652735744,-0.1905130655,0.000000000,-0.1439432051,-0.3344562706,-0.1959626182
34333.50000000,0.1938485756,0.2726629736,0.6091928874E-01,0.4371299252E-02,0.4519383974E-01,0.5157774632E-01,0.1047483455,0.2342510484,-0.6837487881E-02,0.5041660421E-02,0.000000000,0.3302759432E-02,-0.7793961049E-02,0.4918712678E-02,0.000000000,0.2685779892E-02,0.1870110877,0.2777046341,0.6091928874E-01,0.7674058683E-02,0.3739987869E-01,0.5649645900E-01,0.1047483455,0.2369368283,-0.3215633522,198.3840880,124.6458534,144.9867773,505.8840880,282.1447258,302.6259725,602.8840880,329.0952961,341.5966245,1014.884088,541.0456403,547.2837209,0.1402845075E-02,0.8638829591E-03,0.4478492706,-0.3525176298,0.000000000,-0.2490514164,-0.6015690462,-0.1572828767,-0.1831689981,0.000000000,-0.1383943542,-0.3215633522,-0.1880347695
34698.75000000,0.1938004235,0.2726322752,0.6090557898E-01,0.4355087297E-02,0.4515637137E-01,0.5154771854E-01,0.1047348257,0.2342349384,-0.6801345382E-02,0.5019972180E-02,0.000000000,0.3290510400E-02,-0.7757841364E-02,0.4897498245E-02,0.000000000,0.2673607897E-02,0.1869990781,0.2776522474,0.6090557898E-01,0.7645597697E-02,0.3739853001E-01,0.5644521678E-01,0.1047348257,0.2369085463,-0.3097274362,198.3993598,124.6084640,144.9867773,505.8993598,282.1073895,302.6259725,602.8993598,329.0602201,341.5966245,1014.899360,541.0128347,547.2837209,0.1403102637E-02,0.8639476973E-03,0.4478495137,-0.3361908801,0.000000000,-0.2375166738,-0.5737075539,-0.1499685872,-0.1764270206,0.000000000,-0.1333004156,-0.3097274362,-0.1807664698
35064.00000000,0.1937543462,0.2726029437,0.6089244734E-01,0.4339514718E-02,0.4512035676E-01,0.5151890425E-01,0.1047218188,0.2342193942,-0.6766829973E-02,0.4999249634E-02,0.000000000,0.3278744451E-02,-0.7723198274E-02,0.4877141142E-02,0.000000000,0.2661863419E-02,0.1869875162,0.2776021933,0.6089244734E-01,0.7618259169E-02,0.3739715849E-01,0.5639604540E-01,0.1047218188,0.2368812576,-0.2988489098,198.4139481,124.5727477,144.9867773,505.9139481,282.0717219,302.6259725,602.9139481,329.0266269,341.5966245,1014.913948,540.9813252,547.2837209,0.1403348775E-02,0.8640101665E-03,0.4478497459,-0.3212215813,0.000000000,-0.2269409614,-0.5481625427,-0.1432638391,-0.1702303916,0.000000000,-0.1286185182,-0.2988489098,-0.1740951006
35429.25000000,0.1937101770,0.2725748671,0.6087984743E-01,0.4324531588E-02,0.4508567686E-01,0.5149120253E-01,0.1047092831,0.2342043707,-0.6733807611E-02,0.4979413698E-02,0.000000000,0.3267423863E-02,-0.7689908415E-02,0.4857570053E-02,0.000000000,0.2650512361E-02,0.1869763694,0.2775542808,0.6087984743E-01,0.7591955451E-02,0.3739576845E-01,0.5634877258E-01,0.1047092831,0.2368548831,-0.2888379581,198.4279092,124.5385671,144.9867773,505.9279092,282.0375861,302.6259725,602.9279092,328.9943974,341.5966245,1014.927909,540.9510104,547.2837209,0.1403584424E-02,0.8640705474E-03,0.4478499683,-0.3074781720,0.000000000,-0.2172313319,-0.5247095039,-0.1371093569,-0.1645279508,0.000000000,-0.1243100073,-0.2888379581,-0.1679642572
35794.50000000,0.1936677646,0.2725479441,0.6086773719E-01,0.4310092523E-02,0.4505222358E-01,0.5146452199E-01,0.1046971805,0.2341898271,-0.6702157157E-02,0.4960392835E-02,0.000000000,0.3256514348E-02,-0.7657860205E-02,0.4838720423E-02,0.000000000,0.2639523813E-02,0.1869656074,0.2775083370,0.6086773719E-01,0.7566606871E-02,0.3739436337E-01,0.5630324241E-01,0.1046971805,0.2368293509,-0.2796135727,198.4412937,124.5057982,144.9867773,505.9412937,282.0048581,302.6259725,602.9412937,328.9634235,341.5966245,1014.941294,540.9217985,547.2837209,0.1403810428E-02,0.8641290040E-03,0.4478501815,-0.2948436664,0.000000000,-0.2083051357,-0.5031488021,-0.1314524598,-0.1592735540,0.000000000,-0.1203400187,-0.2796135727,-0.1623231093
36159.75000000,0.1936269714,0.2725220832,0.6085607844E-01,0.4296156219E-02,0.4501989869E-01,0.5143877987E-01,0.1046854766,0.2341757261,-0.6671768956E-02,0.4942122235E-02,0.000000000,0.3245984696E-02,-0.7626952661E-02,0.4820533784E-02,0.000000000,0.2628869736E-02,0.1869552024,0.2774642054,0.6085607844E-01,0.7542140915E-02,0.3739294603E-01,0.5625931365E-01,0.1046854766,0.2368045958,-0.2711026659,198.4541476,124.4743283,144.9867773,505.9541476,281.9734260,302.6259725,602.9541476,328.9336073,341.5966245,1014.954148,540.8936054,547.2837209,0.1404027552E-02,0.8641856852E-03,0.4478503862,-0.2832137950,0.000000000,-0.2000887071,-0.4833025021,-0.1262462155,-0.1544255692,0.000000000,-0.1166770968,-0.2711026659,-0.1571258319
36525.00000000,0.1935876723,0.2724972009,0.6084483650E-01,0.4282685036E-02,0.4498861297E-01,0.5141390119E-01,0.1046741402,0.2341620341,-0.6642543604E-02,0.4924543095E-02,0.000000000,0.3235806469E-02,-0.7597094343E-02,0.4802957157E-02,0.000000000,0.2618524682E-02,0.1869451287,0.2774217440,0.6084483650E-01,0.7518491505E-02,0.3739151863E-01,0.5621685834E-01,0.1046741402,0.2367805588,-0.2632392774,198.4665126,124.4440554,144.9867773,505.9665126,281.9431880,302.6259725,602.9665126,328.9048598,341.5966245,1014.966513,540.8663551,547.2837209,0.1404236492E-02,0.8642407259E-03,0.4478505833,-0.2724954204,0.000000000,-0.1925162451,-0.4650116654,-0.1214487218,-0.1499464238,0.000000000,-0.1132928536,-0.2632392774,-0.1523310976
36890.25000000,0.1935497534,0.2724732218,0.6083397977E-01,0.4269644635E-02,0.4495828531E-01,0.5138981796E-01,0.1046631431,0.2341487206,-0.6614390854E-02,0.4907601992E-02,0.000000000,0.3225953722E-02,-0.7568202409E-02,0.4785942515E-02,0.000000000,0.2608465545E-02,0.1869353625,0.2773808238,0.6083397977E-01,0.7495598357E-02,0.3739008290E-01,0.5617576048E-01,0.1046631431,0.2367571861,-0.2559638627,198.4784265,124.4148869,144.9867773,505.9784265,281.9140516,302.6259725,602.9784265,328.8770999,341.5966245,1014.978426,540.8399777,547.2837209,0.1404437877E-02,0.8642942488E-03,0.4478507732,-0.2626051811,0.000000000,-0.1855288553,-0.4481340364,-0.1170224908,-0.1458022003,0.000000000,-0.1101616625,-0.2559638627,-0.1479016225
37255.50000000,0.1935131107,0.2724500770,0.6082347949E-01,0.4257003654E-02,0.4492884195E-01,0.5136646853E-01,0.1046524595,0.2341357576,-0.6587228668E-02,0.4891250322E-02,0.000000000,0.3216402758E-02,-0.7540201764E-02,0.4769446294E-02,0.000000000,0.2598671332E-02,0.1869258821,0.2773413273,0.6082347949E-01,0.7473406412E-02,0.3738864019E-01,0.5613591483E-01,0.1046524595,0.2367344290,-0.2492226557,198.4899237,124.3867385,144.9867773,505.9899237,281.8859329,302.6259725,602.9899237,328.8502537,341.5966245,1014.989924,540.8144098,547.2837209,0.1404632284E-02,0.8643463654E-03,0.4478509564,-0.2534683265,0.000000000,-0.1790737268,-0.4325420534,-0.1129339206,-0.1419622722,0.000000000,-0.1072603835,-0.2492226557,-0.1438037606
37620.75000000,0.1934776496,0.2724277038,0.6081330940E-01,0.4244733417E-02,0.4490021585E-01,0.5134379694E-01,0.1046420660,0.2341231201,-0.6560982368E-02,0.4875443816E-02,0.000000000,0.3207131912E-02,-0.7513024298E-02,0.4753428963E-02,0.000000000,0.2589122956E-02,0.1869166672,0.2773031476,0.6081330940E-01,0.7451865330E-02,0.3738719155E-01,0.5609722591E-01,0.1046420660,0.2367122430,-0.2429670949,198.5010356,124.3595335,144.9867773,506.0010356,281.8587552,302.6259725,603.0010356,328.8242539,341.5966245,1015.001036,540.7895932,547.2837209,0.1404820236E-02,0.8643971769E-03,0.4478511336,-0.2450177108,0.000000000,-0.1731034217,-0.4181211325,-0.1091528396,-0.1383989781,0.000000000,-0.1045681168,-0.2429670949,-0.1400071397
37986.00000000,0.1934432831,0.2724060451,0.6080344552E-01,0.4232807679E-02,0.4487234598E-01,0.5132175239E-01,0.1046319416,0.2341107849,-0.6535583897E-02,0.4860142100E-02,0.000000000,0.3198121355E-02,-0.7486608197E-02,0.4737854627E-02,0.000000000,0.2579803056E-02,0.1869076992,0.2772661872,0.6080344552E-01,0.7430929034E-02,0.3738573779E-01,0.5605960701E-01,0.1046319416,0.2366905880,-0.2371533087,198.5117908,124.3332018,144.9867773,506.0117908,281.8324489,302.6259725,603.0117908,328.7990391,341.5966245,1015.011791,540.7654746,547.2837209,0.1405002209E-02,0.8644467754E-03,0.4478513051,-0.2371929208,0.000000000,-0.1675752583,-0.4047681791,-0.1056521112,-0.1350873277,0.000000000,-0.1020659810,-0.2371533087,-0.1364843351
38351.25000000,0.1934099322,0.2723850488,0.6079386592E-01,0.4221202393E-02,0.4484517681E-01,0.5130028871E-01,0.1046220669,0.2340987312,-0.6510971152E-02,0.4845308313E-02,0.000000000,0.3189352916E-02,-0.7460897331E-02,0.4722690676E-02,0.000000000,0.2570695829E-02,0.1868989610,0.2772303571,0.6079386592E-01,0.7410555309E-02,0.3738427948E-01,0.5602297938E-01,0.1046220669,0.2366694270,-0.2317416524,198.5222153,124.3076797,144.9867773,506.0222153,281.8069503,302.6259725,603.0222153,328.7745529,341.5966245,1015.022215,540.7420054,547.2837209,0.1405178641E-02,0.8644952449E-03,0.4478514714,-0.2299395195,0.000000000,-0.1624507774,-0.3923902969,-0.1024072919,-0.1320047387,0.000000000,-0.9973691371E-01,-0.2317416524,-0.1332105766
38716.50000000,0.1933775241,0.2723646671,0.6078455054E-01,0.4209895506E-02,0.4481865778E-01,0.5127936394E-01,0.1046124244,0.2340869400,-0.6487087405E-02,0.4830908764E-02,0.000000000,0.3180809935E-02,-0.7435840700E-02,0.4707907467E-02,0.000000000,0.2561786880E-02,0.1868904367,0.2771955758,0.6078455054E-01,0.7390705440E-02,0.3738281708E-01,0.5598727141E-01,0.1046124244,0.2366487268,-0.2266962917,198.5323331,124.2829087,144.9867773,506.0323331,281.7822011,302.6259725,603.0323331,328.7507439,341.5966245,1015.032333,540.7191409,547.2837209,0.1405349929E-02,0.8645426619E-03,0.4478516328,-0.2232083826,0.000000000,-0.1576952730,-0.3809036556,-0.9939633049E-01,-0.1291307990,0.000000000,-0.9756549264E-01,-0.2266962917,-0.1301634856
39081.75000000,0.1933459924,0.2723448563,0.6077548098E-01,0.4198866772E-02,0.4479274281E-01,0.5125893993E-01,0.1046029981,0.2340753938,-0.6463880778E-02,0.4816912623E-02,0.000000000,0.3172477113E-02,-0.7411391928E-02,0.4693478035E-02,0.000000000,0.2553063087E-02,0.1868821116,0.2771617690,0.6077548098E-01,0.7371343885E-02,0.3738135088E-01,0.5595241796E-01,0.1046029981,0.2366284569,-0.2219848275,198.5421658,124.2588355,144.9867773,506.0421658,281.7581481,302.6259725,603.0421658,328.7275650,341.5966245,1015.042166,540.6968400,547.2837209,0.1405516439E-02,0.8645890959E-03,0.4478517896,-0.2169551195,0.000000000,-0.1532773832,-0.3702325027,-0.9659930723E-01,-0.1264470536,0.000000000,-0.9553777389E-01,-0.2219848275,-0.1273228382
39447.00000000,0.1933152759,0.2723255767,0.6076664038E-01,0.4188097589E-02,0.4476738993E-01,0.5123898193E-01,0.1045937735,0.2340640768,-0.6441303774E-02,0.4803291653E-02,0.000000000,0.3164340397E-02,-0.7387508824E-02,0.4679377838E-02,0.000000000,0.2544512479E-02,0.1868739721,0.2771288683,0.6076664038E-01,0.7352437986E-02,0.3737988110E-01,0.5591835977E-01,0.1045937735,0.2366085893,-0.2175779593,198.5517335,124.2354111,144.9867773,506.0517335,281.7347426,302.6259725,603.0517335,328.7049729,341.5966245,1015.051733,540.6750650,547.2837209,0.1405678504E-02,0.8646346105E-03,0.4478519423,-0.2111395669,0.000000000,-0.1491687330,-0.3603082999,-0.9399820434E-01,-0.1239368122,0.000000000,-0.9364114706E-01,-0.2175779593,-0.1246703531
39812.25000000,0.1932853186,0.2723067914,0.6075801326E-01,0.4177570847E-02,0.4474256084E-01,0.5121945831E-01,0.1045847374,0.2340529746,-0.6419312870E-02,0.4790019963E-02,0.000000000,0.3156386859E-02,-0.7364152969E-02,0.4665584523E-02,0.000000000,0.2536124129E-02,0.1868660057,0.2770968113,0.6075801326E-01,0.7333957706E-02,0.3737840787E-01,0.5588504283E-01,0.1045847374,0.2365890987,-0.2134491799,198.5610545,124.2125908,144.9867773,506.0610545,281.7119398,302.6259725,603.0610545,328.6829279,341.5966245,1015.061054,540.6537812,547.2837209,0.1405836432E-02,0.8646792638E-03,0.4478520911,-0.2057253430,0.000000000,-0.1453436190,-0.3510689620,-0.9157670515E-01,-0.1215849759,0.000000000,-0.9186420402E-01,-0.2134491799,-0.1221894994
40177.50000000,0.1932560690,0.2722884668,0.6074958538E-01,0.4167270795E-02,0.4471822060E-01,0.5120034021E-01,0.1045758775,0.2340420739,-0.6397868135E-02,0.4777073793E-02,0.000000000,0.3148604598E-02,-0.7341289359E-02,0.4652077717E-02,0.000000000,0.2527888050E-02,0.1868582008,0.2770655406,0.6074958538E-01,0.7315875393E-02,0.3737693125E-01,0.5585241793E-01,0.1045758775,0.2365699619,-0.2095745025,198.5701455,124.1903334,144.9867773,506.0701455,281.6896988,302.6259725,603.0701455,328.6613936,341.5966245,1015.070145,540.6329568,547.2837209,0.1405990504E-02,0.8647231088E-03,0.4478522362,-0.2006794530,0.000000000,-0.1417787305,-0.3424581835,-0.8932001578E-01,-0.1193778811,0.000000000,-0.9019662135E-01,-0.2095745025,-0.1198653252
40542.75000000,0.1932274796,0.2722705721,0.6074134365E-01,0.4157182922E-02,0.4469433733E-01,0.5118160135E-01,0.1045671829,0.2340313626,-0.6376932905E-02,0.4764431312E-02,0.000000000,0.3140982649E-02,-0.7318886072E-02,0.4638838833E-02,0.000000000,0.2519795110E-02,0.1868505467,0.2770350034,0.6074134365E-01,0.7298165570E-02,0.3737545126E-01,0.5582044019E-01,0.1045671829,0.2365511577,-0.2059322142,198.5790220,124.1686012,144.9867773,506.0790220,281.6679818,302.6259725,603.0790220,328.6403364,341.5966245,1015.079022,540.6125623,547.2837209,0.1406140978E-02,0.8647661939E-03,0.4478523779,-0.1959719402,0.000000000,-0.1384529033,-0.3344248435,-0.8721470790E-01,-0.1173031600,0.000000000,-0.8862905425E-01,-0.2059322142,-0.1176843020
40908.00000000,0.1931995068,0.2722530789,0.6073327602E-01,0.4147293842E-02,0.4467088186E-01,0.5116321771E-01,0.1045586435,0.2340208298,-0.6356473478E-02,0.4752072448E-02,0.000000000,0.3133510900E-02,-0.7296913972E-02,0.4625850908E-02,0.000000000,0.2511836948E-02,0.1868430333,0.2770051513,0.6073327602E-01,0.7280804741E-02,0.3737396789E-01,0.5578906862E-01,0.1045586435,0.2365326667,-0.2025026539,198.5876983,124.1473594,144.9867773,506.0876983,281.6467542,302.6259725,603.0876983,328.6197254,341.5966245,1015.087698,540.5925706,547.2837209,0.1406288093E-02,0.8648085637E-03,0.4478525164,-0.1915755777,0.000000000,-0.1353469017,-0.3269224794,-0.8524857968E-01,-0.1153496130,0.000000000,-0.8715304096E-01,-0.2025026539,-0.1156341855
41273.25000000,0.1931721104,0.2722359609,0.6072537139E-01,0.4137591202E-02,0.4464782755E-01,0.5114516734E-01,0.1045502500,0.2340104651,-0.6336458848E-02,0.4739978726E-02,0.000000000,0.3126180016E-02,-0.7275346450E-02,0.4613098440E-02,0.000000000,0.2504005904E-02,0.1868356516,0.2769759397,0.6072537139E-01,0.7263771218E-02,0.3737248110E-01,0.5575826578E-01,0.1045502500,0.2365144710,-0.1992680121,198.5961872,124.1265761,144.9867773,506.0961872,281.6259841,302.6259725,603.0961872,328.5995321,341.5966245,1015.096187,540.5729568,547.2837209,0.1406432066E-02,0.8648502587E-03,0.4478526519,-0.1874655951,0.000000000,-0.1324432257,-0.3199088208,-0.8341053278E-01,-0.1135070955,0.000000000,-0.8576091661E-01,-0.1992680121,-0.1137038899
41638.50000000,0.1931452534,0.2722191942,0.6071761951E-01,0.4128063588E-02,0.4462515002E-01,0.5112743019E-01,0.1045419940,0.2340002595,-0.6316860462E-02,0.4728133127E-02,0.000000000,0.3118981375E-02,-0.7254159173E-02,0.4600567255E-02,0.000000000,0.2496294953E-02,0.1868283929,0.2769473273,0.6071761951E-01,0.7247044963E-02,0.3737099085E-01,0.5572799744E-01,0.1045419940,0.2364965544,-0.1962121503,198.6045010,124.1062218,144.9867773,506.1045010,281.6056422,302.6259725,603.1045010,328.5797303,341.5966245,1015.104501,540.5536976,547.2837209,0.1406573099E-02,0.8648913163E-03,0.4478527847,-0.1836194352,0.000000000,-0.1297259386,-0.3133453738,-0.8169046246E-01,-0.1117664147,0.000000000,-0.8444573561E-01,-0.1962121503,-0.1118833745
42003.75000000,0.1931189013,0.2722027564,0.6071001092E-01,0.4118700449E-02,0.4460282694E-01,0.5110998788E-01,0.1045338677,0.2339902042,-0.6297652000E-02,0.4716519956E-02,0.000000000,0.3111907003E-02,-0.7233329877E-02,0.4588244380E-02,0.000000000,0.2488697643E-02,0.1868212493,0.2769192764,0.6071001092E-01,0.7230607452E-02,0.3736949706E-01,0.5569823226E-01,0.1045338677,0.2364789019,-0.1933204391,198.6126505,124.0862694,144.9867773,506.1126505,281.5857014,302.6259725,603.1126505,328.5602958,341.5966245,1015.112651,540.5347717,547.2837209,0.1406711380E-02,0.8649317707E-03,0.4478529149,-0.1800165352,0.000000000,-0.1271805132,-0.3071970484,-0.8007915944E-01,-0.1101192374,0.000000000,-0.8320120166E-01,-0.1933204391,-0.1101635421
42369.00000000,0.1930930227,0.2721866272,0.6070253688E-01,0.4109492018E-02,0.4458083783E-01,0.5109282360E-01,0.1045258641,0.2339802915,-0.6278809183E-02,0.4705124732E-02,0.000000000,0.3104949521E-02,-0.7212838167E-02,0.4576117929E-02,0.000000000,0.2481208045E-02,0.1868142135,0.2768917519,0.6070253688E-01,0.7214441539E-02,0.3736799966E-01,0.5566894153E-01,0.1045258641,0.2364614996,-0.1905796109,198.6206462,124.0666938,144.9867773,506.1206462,281.5661368,302.6259725,603.1206462,328.5412062,341.5966245,1015.120646,540.5161593,547.2837209,0.1406847078E-02,0.8649716534E-03,0.4478530426,-0.1766381371,0.000000000,-0.1247936969,-0.3014318339,-0.7856822413E-01,-0.1085580062,0.000000000,-0.8202160471E-01,-0.1905796109,-0.1085361464
42734.25000000,0.1930675882,0.2721707874,0.6069518932E-01,0.4100429249E-02,0.4455916392E-01,0.5107592192E-01,0.1045179765,0.2339705141,-0.6260309587E-02,0.4693934074E-02,0.000000000,0.3098102096E-02,-0.7192665340E-02,0.4564177003E-02,0.000000000,0.2473820703E-02,0.1868072786,0.2768647215,0.6069518932E-01,0.7198531346E-02,0.3736649858E-01,0.5564009893E-01,0.1045179765,0.2364443348,-0.1879776283,198.6284974,124.0474719,144.9867773,506.1284974,281.5469252,302.6259725,603.1284974,328.5224408,341.5966245,1015.128497,540.4978420,547.2837209,0.1406980353E-02,0.8650109934E-03,0.4478531680,-0.1734671268,0.000000000,-0.1225533987,-0.2960205255,-0.7714999467E-01,-0.1070758642,0.000000000,-0.8090176409E-01,-0.1879776283,-0.1069937102
43099.50000000,0.1930425708,0.2721552198,0.6068796075E-01,0.4091503760E-02,0.4453778797E-01,0.5105926868E-01,0.1045101990,0.2339608655,-0.6242132488E-02,0.4682935616E-02,0.000000000,0.3091358393E-02,-0.7172794229E-02,0.4552411594E-02,0.000000000,0.2466530589E-02,0.1868004383,0.2768381554,0.6068796075E-01,0.7182862153E-02,0.3736499374E-01,0.5561168027E-01,0.1045101990,0.2364273960,-0.1855035648,198.6362128,124.0285824,144.9867773,506.1362128,281.5280452,302.6259725,603.1362128,328.5039804,341.5966245,1015.136213,540.4798030,547.2837209,0.1407111352E-02,0.8650498174E-03,0.4478532913,-0.1704878445,0.000000000,-0.1204485551,-0.2909363996,-0.7581746138E-01,-0.1056665875,0.000000000,-0.7983697726E-01,-0.1855035648,-0.1055294498
43464.75000000,0.1930179455,0.2721399079,0.6068084425E-01,0.4082707771E-02,0.4451669414E-01,0.5104285085E-01,0.1045025260,0.2339513393,-0.6224258718E-02,0.4672117912E-02,0.000000000,0.3084712535E-02,-0.7153209059E-02,0.4540812506E-02,0.000000000,0.2459333066E-02,0.1867936867,0.2768120259,0.6068084425E-01,0.7167420305E-02,0.3736348508E-01,0.5558366336E-01,0.1045025260,0.2364106724,-0.1831474973,198.6438006,124.0100055,144.9867773,506.1438006,281.5094773,302.6259725,603.1438006,328.4858073,341.5966245,1015.143801,540.4620265,547.2837209,0.1407240210E-02,0.8650881500E-03,0.4478534126,-0.1676859492,0.000000000,-0.1184690343,-0.2861549836,-0.7456420602E-01,-0.1043245237,0.000000000,-0.7882297354E-01,-0.1831474973,-0.1041372082
43830.00000000,0.1929936889,0.2721248370,0.6067383339E-01,0.4074034060E-02,0.4449586783E-01,0.5102665647E-01,0.1044949525,0.2339419301,-0.6206670533E-02,0.4661470366E-02,0.000000000,0.3078159064E-02,-0.7133895316E-02,0.4529371279E-02,0.000000000,0.2452223852E-02,0.1867870184,0.2767863073,0.6067383339E-01,0.7152193124E-02,0.3736197251E-01,0.5555602775E-01,0.1044949525,0.2363941539,-0.1809004094,198.6512682,123.9917227,144.9867773,506.1512682,281.4912031,302.6259725,603.1512682,328.4679050,341.5966245,1015.151268,540.4444978,547.2837209,0.1407367052E-02,0.8651260140E-03,0.4478535319,-0.1650483170,0.000000000,-0.1166055642,-0.2816538812,-0.7338435587E-01,-0.1030445370,0.000000000,-0.7785587243E-01,-0.1809004094,-0.1028113943
